TimeStamp,Demand(BTU/h)
10/13/2016 7:00,0
10/13/2016 8:00,0
10/13/2016 9:00,0
10/13/2016 10:00,0
10/13/2016 11:00,0
10/13/2016 12:00,165950.194
10/13/2016 13:00,292492.7344
10/13/2016 14:00,291043.1172
10/13/2016 15:00,282748.2487
10/13/2016 16:00,272949.5859
10/13/2016 17:00,260058.918
10/13/2016 18:00,178431.0859
10/13/2016 19:00,0
10/13/2016 20:00,0
10/13/2016 21:00,0
10/13/2016 22:00,0
10/13/2016 23:00,0
10/14/2016 0:00,0
10/14/2016 1:00,0
10/14/2016 2:00,0
10/14/2016 3:00,0
10/14/2016 4:00,0
10/14/2016 5:00,0
10/14/2016 6:00,0
10/14/2016 7:00,0
10/14/2016 8:00,0
10/14/2016 9:00,0
10/14/2016 10:00,0
10/14/2016 11:00,0
10/14/2016 12:00,0
10/14/2016 13:00,0
10/14/2016 14:00,0
10/14/2016 15:00,0
10/14/2016 16:00,10436.46419
10/14/2016 17:00,0
10/14/2016 18:00,0
10/14/2016 19:00,0
10/14/2016 20:00,0
10/14/2016 21:00,0
10/14/2016 22:00,0
10/14/2016 23:00,0
10/15/2016 0:00,0
10/15/2016 1:00,0
10/15/2016 2:00,0
10/15/2016 3:00,0
10/15/2016 4:00,0
10/15/2016 5:00,0
10/15/2016 6:00,0
10/15/2016 7:00,0
10/15/2016 8:00,0
10/15/2016 9:00,0
10/15/2016 10:00,0
10/15/2016 11:00,0
10/15/2016 12:00,0
10/15/2016 13:00,0
10/15/2016 14:00,0
10/15/2016 15:00,29327.6613
10/15/2016 16:00,17866.44743
10/15/2016 17:00,4457.629232
10/15/2016 18:00,0
10/15/2016 19:00,0
10/15/2016 20:00,0
10/15/2016 21:00,0
10/15/2016 22:00,0
10/15/2016 23:00,0
10/16/2016 0:00,0
10/16/2016 1:00,0
10/16/2016 2:00,0
10/16/2016 3:00,0
10/16/2016 4:00,0
10/16/2016 5:00,0
10/16/2016 6:00,0
10/16/2016 7:00,0
10/16/2016 8:00,0
10/16/2016 9:00,0
10/16/2016 10:00,0
10/16/2016 11:00,0
10/16/2016 12:00,0
10/16/2016 13:00,0
10/16/2016 14:00,0
10/16/2016 15:00,0
10/16/2016 16:00,0
10/16/2016 17:00,0
10/16/2016 18:00,0
10/16/2016 19:00,0
10/16/2016 20:00,0
10/16/2016 21:00,0
10/16/2016 22:00,0
10/16/2016 23:00,0
10/17/2016 0:00,0
10/17/2016 1:00,0
10/17/2016 2:00,0
10/17/2016 3:00,0
10/17/2016 4:00,0
10/17/2016 5:00,0
10/17/2016 6:00,0
10/17/2016 7:00,0
10/17/2016 8:00,0
10/17/2016 9:00,0
10/17/2016 10:00,0
10/17/2016 11:00,0
10/17/2016 12:00,131236.7367
10/17/2016 13:00,304028.7005
10/17/2016 14:00,280894.2305
10/17/2016 15:00,276885.1706
10/17/2016 16:00,181929.2689
10/17/2016 17:00,58646.31576
10/17/2016 18:00,0
10/17/2016 19:00,0
10/17/2016 20:00,0
10/17/2016 21:00,0
10/17/2016 22:00,0
10/17/2016 23:00,0
10/18/2016 0:00,0
10/18/2016 1:00,0
10/18/2016 2:00,68924.86458
10/18/2016 3:00,0
10/18/2016 4:00,228146.6178
10/18/2016 5:00,27893.46055
10/18/2016 6:00,0
10/18/2016 7:00,0
10/18/2016 8:00,0
10/18/2016 9:00,0
10/18/2016 10:00,0
10/18/2016 11:00,6935.281006
10/18/2016 12:00,197963.1901
10/18/2016 13:00,311936.3958
10/18/2016 14:00,287100.9336
10/18/2016 15:00,270586.3633
10/18/2016 16:00,256749.2604
10/18/2016 17:00,227222.8021
10/18/2016 18:00,74147.13281
10/18/2016 19:00,0
10/18/2016 20:00,0
10/18/2016 21:00,0
10/18/2016 22:00,0
10/18/2016 23:00,0
10/19/2016 0:00,0
10/19/2016 1:00,0
10/19/2016 2:00,12018.08464
10/19/2016 3:00,52484.38607
10/19/2016 4:00,223018.8236
10/19/2016 5:00,21592.71484
10/19/2016 6:00,0
10/19/2016 7:00,0
10/19/2016 8:00,0
10/19/2016 9:00,0
10/19/2016 10:00,0
10/19/2016 11:00,0
10/19/2016 12:00,184525.319
10/19/2016 13:00,305006.4167
10/19/2016 14:00,286492.5156
10/19/2016 15:00,255983.388
10/19/2016 16:00,232128.0234
10/19/2016 17:00,182199.4301
10/19/2016 18:00,46167.19434
10/19/2016 19:00,0
10/19/2016 20:00,0
10/19/2016 21:00,0
10/19/2016 22:00,0
10/19/2016 23:00,0
10/20/2016 0:00,0
10/20/2016 1:00,0
10/20/2016 2:00,0
10/20/2016 3:00,72880.88281
10/20/2016 4:00,53557.09863
10/20/2016 5:00,4182.404948
10/20/2016 6:00,0
10/20/2016 7:00,0
10/20/2016 8:00,0
10/20/2016 9:00,0
10/20/2016 10:00,0
10/20/2016 11:00,0
10/20/2016 12:00,189354.2096
10/20/2016 13:00,292339.6641
10/20/2016 14:00,278350.7292
10/20/2016 15:00,245472.1615
10/20/2016 16:00,224980.806
10/20/2016 17:00,104510.0281
10/20/2016 18:00,0
10/20/2016 19:00,0
10/20/2016 20:00,0
10/20/2016 21:00,0
10/20/2016 22:00,0
10/20/2016 23:00,0
10/21/2016 0:00,0
10/21/2016 1:00,0
10/21/2016 2:00,0
10/21/2016 3:00,0
10/21/2016 4:00,0
10/21/2016 5:00,0
10/21/2016 6:00,0
10/21/2016 7:00,0
10/21/2016 8:00,0
10/21/2016 9:00,0
10/21/2016 10:00,0
10/21/2016 11:00,0
10/21/2016 12:00,113967.8551
10/21/2016 13:00,281709.8464
10/21/2016 14:00,278991.9531
10/21/2016 15:00,269460.3997
10/21/2016 16:00,237312.6224
10/21/2016 17:00,77854.23438
10/21/2016 18:00,0
10/21/2016 19:00,0
10/21/2016 20:00,57933.59863
10/21/2016 21:00,56376.08333
10/21/2016 22:00,12285.10514
10/21/2016 23:00,0
10/22/2016 0:00,0
10/22/2016 1:00,0
10/22/2016 2:00,0
10/22/2016 3:00,0
10/22/2016 4:00,0
10/22/2016 5:00,0
10/22/2016 6:00,0
10/22/2016 7:00,0
10/22/2016 8:00,0
10/22/2016 9:00,0
10/22/2016 10:00,0
10/22/2016 11:00,0
10/22/2016 12:00,0
10/22/2016 13:00,0
10/22/2016 14:00,241188.4401
10/22/2016 15:00,329658.4375
10/22/2016 16:00,311737.8073
10/22/2016 17:00,194488.7122
10/22/2016 18:00,21210.01107
10/22/2016 19:00,0
10/22/2016 20:00,0
10/22/2016 21:00,20521.25456
10/22/2016 22:00,15867.13387
10/22/2016 23:00,11668.29077
10/23/2016 0:00,12163.37085
10/23/2016 1:00,12647.05501
10/23/2016 2:00,13631.37264
10/23/2016 3:00,14331.95581
10/23/2016 4:00,15015.78825
10/23/2016 5:00,7617.720866
10/23/2016 6:00,0
10/23/2016 7:00,0
10/23/2016 8:00,0
10/23/2016 9:00,0
10/23/2016 10:00,44648.03646
10/23/2016 11:00,0
10/23/2016 12:00,17038.76757
10/23/2016 13:00,379.0758413
10/23/2016 14:00,7223.486354
10/23/2016 15:00,28352.14673
10/23/2016 16:00,2139.083305
10/23/2016 17:00,4703.97994
10/23/2016 18:00,0
10/23/2016 19:00,0
10/23/2016 20:00,0
10/23/2016 21:00,0
10/23/2016 22:00,0
10/23/2016 23:00,0
10/24/2016 0:00,0
10/24/2016 1:00,0
10/24/2016 2:00,0
10/24/2016 3:00,81950.08813
10/24/2016 4:00,1128.757487
10/24/2016 5:00,0
10/24/2016 6:00,0
10/24/2016 7:00,0
10/24/2016 8:00,0
10/24/2016 9:00,0
10/24/2016 10:00,0
10/24/2016 11:00,0
10/24/2016 12:00,87607.03906
10/24/2016 13:00,361632.0938
10/24/2016 14:00,336509.7266
10/24/2016 15:00,247072.888
10/24/2016 16:00,78594.88639
10/24/2016 17:00,18528.48246
10/24/2016 18:00,5188.034078
10/24/2016 19:00,9822.581665
10/24/2016 20:00,70765.14176
10/24/2016 21:00,42738.48299
10/24/2016 22:00,5975.141684
10/24/2016 23:00,15299.66748
10/25/2016 0:00,20068.0459
10/25/2016 1:00,21616.51904
10/25/2016 2:00,22806.21012
10/25/2016 3:00,23353.92578
10/25/2016 4:00,23324.47249
10/25/2016 5:00,18529.97982
10/25/2016 6:00,17839.75309
10/25/2016 7:00,17785.78092
10/25/2016 8:00,17670.47738
10/25/2016 9:00,17634.10677
10/25/2016 10:00,17596.71745
10/25/2016 11:00,17465.02051
10/25/2016 12:00,12894.08842
10/25/2016 13:00,15979.26261
10/25/2016 14:00,68416.47925
10/25/2016 15:00,83712.70711
10/25/2016 16:00,13565.27011
10/25/2016 17:00,11130.2183
10/25/2016 18:00,18789.66138
10/25/2016 19:00,21860.97949
10/25/2016 20:00,22905.66374
10/25/2016 21:00,22298.19564
10/25/2016 22:00,22402.86735
10/25/2016 23:00,22504.07926
10/26/2016 0:00,22367.40234
10/26/2016 1:00,22209.06185
10/26/2016 2:00,22301.34163
10/26/2016 3:00,22258.479
10/26/2016 4:00,23172.54167
10/26/2016 5:00,18051.51432
10/26/2016 6:00,17187.9056
10/26/2016 7:00,17160.89095
10/26/2016 8:00,17220.12744
10/26/2016 9:00,17123.75505
10/26/2016 10:00,17155.93066
10/26/2016 11:00,17081.32015
10/26/2016 12:00,13511.72921
10/26/2016 13:00,17776.70076
10/26/2016 14:00,91313.26855
10/26/2016 15:00,220971.3294
10/26/2016 16:00,44571.57601
10/26/2016 17:00,5958.836619
10/26/2016 18:00,11425.48678
10/26/2016 19:00,16352.29598
10/26/2016 20:00,10334.56657
10/26/2016 21:00,0
10/26/2016 22:00,0
10/26/2016 23:00,0
10/27/2016 0:00,0
10/27/2016 1:00,0
10/27/2016 2:00,0
10/27/2016 3:00,15053.47754
10/27/2016 4:00,20009.52327
10/27/2016 5:00,18894.89404
10/27/2016 6:00,18372.52767
10/27/2016 7:00,18123.46777
10/27/2016 8:00,18003.68734
10/27/2016 9:00,17861.88509
10/27/2016 10:00,17837.44255
10/27/2016 11:00,17737.49674
10/27/2016 12:00,15039.28406
10/27/2016 13:00,19455.94246
10/27/2016 14:00,23844.98079
10/27/2016 15:00,25169.64193
10/27/2016 16:00,25538.36084
10/27/2016 17:00,25339.97396
10/27/2016 18:00,25158.69743
10/27/2016 19:00,23903.27181
10/27/2016 20:00,22966.92985
10/27/2016 21:00,21613.19743
10/27/2016 22:00,21547.40072
10/27/2016 23:00,21706.82357
10/28/2016 0:00,22295.82503
10/28/2016 1:00,21868.34668
10/28/2016 2:00,23093.98096
10/28/2016 3:00,23749.49658
10/28/2016 4:00,24153.53158
10/28/2016 5:00,18843.8833
10/28/2016 6:00,18124.42432
10/28/2016 7:00,17868.33594
10/28/2016 8:00,17928.2723
10/28/2016 9:00,17841.29411
10/28/2016 10:00,17721.60238
10/28/2016 11:00,17703.41081
10/28/2016 12:00,15551.73592
10/28/2016 13:00,19950.7325
10/28/2016 14:00,23736.15853
10/28/2016 15:00,24978.54004
10/28/2016 16:00,141029.8494
10/28/2016 17:00,24307.72575
10/28/2016 18:00,9317.78422
10/28/2016 19:00,2506.02919
10/28/2016 20:00,1275.529134
10/28/2016 21:00,3394.407491
10/28/2016 22:00,4423.418335
10/28/2016 23:00,4964.614095
10/29/2016 0:00,5366.157471
10/29/2016 1:00,5838.158285
10/29/2016 2:00,6240.52006
10/29/2016 3:00,6593.878377
10/29/2016 4:00,6944.949178
10/29/2016 5:00,3433.768361
10/29/2016 6:00,2737.213338
10/29/2016 7:00,2628.080851
10/29/2016 8:00,2642.255839
10/29/2016 9:00,2663.940002
10/29/2016 10:00,2626.13501
10/29/2016 11:00,2641.252502
10/29/2016 12:00,2659.634155
10/29/2016 13:00,2726.673381
10/29/2016 14:00,4419.169128
10/29/2016 15:00,5397.449992
10/29/2016 16:00,5028.735026
10/29/2016 17:00,4820.455811
10/29/2016 18:00,4619.313395
10/29/2016 19:00,4299.675863
10/29/2016 20:00,3961.126648
10/29/2016 21:00,3640.51003
10/29/2016 22:00,2430.5967
10/29/2016 23:00,2363.111613
10/30/2016 0:00,2449.702535
10/30/2016 1:00,2517.675842
10/30/2016 2:00,2513.313314
10/30/2016 3:00,2509.138306
10/30/2016 4:00,2491.66333
10/30/2016 5:00,2513.684163
10/30/2016 6:00,2532.838359
10/30/2016 7:00,2601.297506
10/30/2016 8:00,2624.795003
10/30/2016 9:00,2605.625814
10/30/2016 10:00,2524.250814
10/30/2016 11:00,2422.309143
10/30/2016 12:00,2398.519999
10/30/2016 13:00,2400.415039
10/30/2016 14:00,2405.212484
10/30/2016 15:00,2417.489176
10/30/2016 16:00,2389.30249
10/30/2016 17:00,2376.297506
10/30/2016 18:00,2295.613363
10/30/2016 19:00,2262.793355
10/30/2016 20:00,1915.257507
10/30/2016 21:00,1930.872508
10/30/2016 22:00,1963.573313
10/30/2016 23:00,2115.56252
10/31/2016 0:00,2113.46169
10/31/2016 1:00,2203.014974
10/31/2016 2:00,2245.867472
10/31/2016 3:00,2262.802511
10/31/2016 4:00,2250.319173
10/31/2016 5:00,2248.768351
10/31/2016 6:00,2204.995809
10/31/2016 7:00,2258.301697
10/31/2016 8:00,2255.863342
10/31/2016 9:00,2319.860026
10/31/2016 10:00,2283.753316
10/31/2016 11:00,2329.460856
10/31/2016 12:00,13825.23661
10/31/2016 13:00,0
10/31/2016 14:00,0
10/31/2016 15:00,0
10/31/2016 16:00,1296.716644
10/31/2016 17:00,9000.577474
10/31/2016 18:00,6085.089966
10/31/2016 19:00,2752.093343
10/31/2016 20:00,759.0633281
10/31/2016 21:00,56.3174998
10/31/2016 22:00,589.1141764
10/31/2016 23:00,1305.01917
11/1/2016 0:00,52867.54261
11/1/2016 1:00,0
11/1/2016 2:00,0
11/1/2016 3:00,0
11/1/2016 4:00,0
11/1/2016 5:00,14047.9393
11/1/2016 6:00,6277.317485
11/1/2016 7:00,798.9183273
11/1/2016 8:00,641.3391616
11/1/2016 9:00,243.5558338
11/1/2016 10:00,560.3508403
11/1/2016 11:00,637.9666595
11/1/2016 12:00,31401.13187
11/1/2016 13:00,0
11/1/2016 14:00,0
11/1/2016 15:00,0
11/1/2016 16:00,229276.4036
11/1/2016 17:00,108892.6343
11/1/2016 18:00,31798.13078
11/1/2016 19:00,4441.177485
11/1/2016 20:00,6592.938334
11/1/2016 21:00,10053.29321
11/1/2016 22:00,12075.91748
11/1/2016 23:00,11368.47078
11/2/2016 0:00,8865.606689
11/2/2016 1:00,7124.267497
11/2/2016 2:00,232387.8091
11/2/2016 3:00,331842.1745
11/2/2016 4:00,319254.1719
11/2/2016 5:00,49089.39471
11/2/2016 6:00,1376.169163
11/2/2016 7:00,4508.810811
11/2/2016 8:00,6627.119954
11/2/2016 9:00,8219.560018
11/2/2016 10:00,9354.439209
11/2/2016 11:00,10173.34155
11/2/2016 12:00,193266.6268
11/2/2016 13:00,331040.0573
11/2/2016 14:00,233042.7513
11/2/2016 15:00,385412.0026
11/2/2016 16:00,419721.3125
11/2/2016 17:00,430615.6745
11/2/2016 18:00,400199.6979
11/2/2016 19:00,237042.3158
11/2/2016 20:00,68483.67448
11/2/2016 21:00,20798.1377
11/2/2016 22:00,3878.080844
11/2/2016 23:00,3838.883331
11/3/2016 0:00,4512.629944
11/3/2016 1:00,3239.251648
11/3/2016 2:00,108076.9639
11/3/2016 3:00,316530.9557
11/3/2016 4:00,301037.3359
11/3/2016 5:00,52421.51701
11/3/2016 6:00,1445.522518
11/3/2016 7:00,4219.706665
11/3/2016 8:00,6897.434163
11/3/2016 9:00,8346.913371
11/3/2016 10:00,9506.417399
11/3/2016 11:00,10324.55322
11/3/2016 12:00,196411.2249
11/3/2016 13:00,328552.3802
11/3/2016 14:00,302892.0964
11/3/2016 15:00,286734.5
11/3/2016 16:00,241897.0964
11/3/2016 17:00,364003.6836
11/3/2016 18:00,155359.9154
11/3/2016 19:00,50234.80469
11/3/2016 20:00,10939.085
11/3/2016 21:00,3596.491718
11/3/2016 22:00,8541.067586
11/3/2016 23:00,8212.495036
11/4/2016 0:00,7280.982463
11/4/2016 1:00,5863.813273
11/4/2016 2:00,4578.957499
11/4/2016 3:00,5634.487549
11/4/2016 4:00,225915.3546
11/4/2016 5:00,33670.4801
11/4/2016 6:00,2439.126666
11/4/2016 7:00,5994.666606
11/4/2016 8:00,7970.68339
11/4/2016 9:00,9008.88916
11/4/2016 10:00,9815.996582
11/4/2016 11:00,10539.58577
11/4/2016 12:00,107080.684
11/4/2016 13:00,309526.7865
11/4/2016 14:00,371656.625
11/4/2016 15:00,375068.487
11/4/2016 16:00,386490.1354
11/4/2016 17:00,341752.3815
11/4/2016 18:00,132460.6113
11/4/2016 19:00,44309.15267
11/4/2016 20:00,7926.909286
11/4/2016 21:00,5336.88916
11/4/2016 22:00,9796.050008
11/4/2016 23:00,10856.44417
11/5/2016 0:00,9396.099121
11/5/2016 1:00,7057.777547
11/5/2016 2:00,4133.934998
11/5/2016 3:00,5596.300049
11/5/2016 4:00,180022.3983
11/5/2016 5:00,47188.50945
11/5/2016 6:00,2387.8117
11/5/2016 7:00,6174.249186
11/5/2016 8:00,8089.825928
11/5/2016 9:00,9233.955892
11/5/2016 10:00,9950.11084
11/5/2016 11:00,10661.205
11/5/2016 12:00,11162.63403
11/5/2016 13:00,11559.20402
11/5/2016 14:00,234395.4504
11/5/2016 15:00,361608.0677
11/5/2016 16:00,329912.026
11/5/2016 17:00,303018.7786
11/5/2016 18:00,187243.1055
11/5/2016 19:00,81120.20117
11/5/2016 20:00,37495.09635
11/5/2016 21:00,17494.28418
11/5/2016 22:00,11795.73669
11/5/2016 23:00,12253.79574
11/6/2016 0:00,11934.43164
11/6/2016 1:00,12028.32503
11/6/2016 2:00,12139.40828
11/6/2016 3:00,12100.12508
11/6/2016 4:00,12193.33154
11/6/2016 5:00,12140.85335
11/6/2016 6:00,12074.94661
11/6/2016 7:00,12186.57585
11/6/2016 8:00,
11/6/2016 9:00,12207.36255
11/6/2016 10:00,12124.86507
11/6/2016 11:00,12170.6416
11/6/2016 12:00,12229.51831
11/6/2016 13:00,12187.19238
11/6/2016 14:00,12331.54663
11/6/2016 15:00,12304.07674
11/6/2016 16:00,12178.4742
11/6/2016 17:00,11994.27181
11/6/2016 18:00,11912.31657
11/6/2016 19:00,11611.23145
11/6/2016 20:00,11362.57682
11/6/2016 21:00,11260.49007
11/6/2016 22:00,11478.6901
11/6/2016 23:00,11536.42334
11/7/2016 0:00,11705.97404
11/7/2016 1:00,11783.58846
11/7/2016 2:00,11884.75505
11/7/2016 3:00,12053.12085
11/7/2016 4:00,12118.1792
11/7/2016 5:00,12198.69678
11/7/2016 6:00,12304.3125
11/7/2016 7:00,12414.69084
11/7/2016 8:00,12470.63086
11/7/2016 9:00,12546.52002
11/7/2016 10:00,12615.94653
11/7/2016 11:00,12716.41341
11/7/2016 12:00,12682.89591
11/7/2016 13:00,175467.2851
11/7/2016 14:00,323706.9323
11/7/2016 15:00,292790.6484
11/7/2016 16:00,275190.6992
11/7/2016 17:00,218191.0579
11/7/2016 18:00,70333.15169
11/7/2016 19:00,19055.53337
11/7/2016 20:00,2841.430005
11/7/2016 21:00,8647.256592
11/7/2016 22:00,8965.571615
11/7/2016 23:00,2132.690837
11/8/2016 0:00,7973.600749
11/8/2016 1:00,9586.935872
11/8/2016 2:00,9603.104167
11/8/2016 3:00,9186.135905
11/8/2016 4:00,9247.950928
11/8/2016 5:00,9697.285726
11/8/2016 6:00,13359.08081
11/8/2016 7:00,13485.75342
11/8/2016 8:00,13398.82259
11/8/2016 9:00,13272.51172
11/8/2016 10:00,13179.02091
11/8/2016 11:00,13046.86833
11/8/2016 12:00,13147.38924
11/8/2016 13:00,232395.453
11/8/2016 14:00,360163.9505
11/8/2016 15:00,314785.1354
11/8/2016 16:00,314447.7031
11/8/2016 17:00,230112.2734
11/8/2016 18:00,66039.55924
11/8/2016 19:00,13475.85685
11/8/2016 20:00,0
11/8/2016 21:00,24378.30469
11/8/2016 22:00,13726.55599
11/8/2016 23:00,0
11/9/2016 0:00,0
11/9/2016 1:00,25784.69368
11/9/2016 2:00,0
11/9/2016 3:00,27657.8125
11/9/2016 4:00,14206.23492
11/9/2016 5:00,4138.607552
11/9/2016 6:00,13402.75924
11/9/2016 7:00,13930.20337
11/9/2016 8:00,13885.55672
11/9/2016 9:00,13908.89412
11/9/2016 10:00,13933.33919
11/9/2016 11:00,13962.20752
11/9/2016 12:00,13986.37996
11/9/2016 13:00,190171.239
11/9/2016 14:00,256996.4899
11/9/2016 15:00,330353.1771
11/9/2016 16:00,291465.832
11/9/2016 17:00,260400.6302
11/9/2016 18:00,125731.7484
11/9/2016 19:00,49134.42318
11/9/2016 20:00,8594.346842
11/9/2016 21:00,0
11/9/2016 22:00,0
11/9/2016 23:00,0
11/10/2016 0:00,0
11/10/2016 1:00,0
11/10/2016 2:00,0
11/10/2016 3:00,0
11/10/2016 4:00,1698.924967
11/10/2016 5:00,16853.92332
11/10/2016 6:00,25048.99438
11/10/2016 7:00,12696.69084
11/10/2016 8:00,13087.14168
11/10/2016 9:00,13185.03158
11/10/2016 10:00,13266.01099
11/10/2016 11:00,13353.69995
11/10/2016 12:00,13383.59416
11/10/2016 13:00,115697.0119
11/10/2016 14:00,332605.7057
11/10/2016 15:00,293431.0104
11/10/2016 16:00,290560.138
11/10/2016 17:00,186374.377
11/10/2016 18:00,56907.77327
11/10/2016 19:00,16606.27596
11/10/2016 20:00,2328.298325
11/10/2016 21:00,0
11/10/2016 22:00,0
11/10/2016 23:00,0
11/11/2016 0:00,0
11/11/2016 1:00,0
11/11/2016 2:00,0
11/11/2016 3:00,0
11/11/2016 4:00,0
11/11/2016 5:00,16997.51501
11/11/2016 6:00,14010.61239
11/11/2016 7:00,14051.46663
11/11/2016 8:00,13965.72567
11/11/2016 9:00,13983.40348
11/11/2016 10:00,13925.27572
11/11/2016 11:00,13937.70174
11/11/2016 12:00,13847.12671
11/11/2016 13:00,13976.66756
11/11/2016 14:00,13961.45321
11/11/2016 15:00,13863.97917
11/11/2016 16:00,13665.95662
11/11/2016 17:00,13504.96419
11/11/2016 18:00,13212.69914
11/11/2016 19:00,12776.44092
11/11/2016 20:00,5282.144938
11/11/2016 21:00,0
11/11/2016 22:00,0
11/11/2016 23:00,0
11/12/2016 0:00,0
11/12/2016 1:00,0
11/12/2016 2:00,0
11/12/2016 3:00,12393.86597
11/12/2016 4:00,15034.14258
11/12/2016 5:00,14985.92342
11/12/2016 6:00,14978.0249
11/12/2016 7:00,14843.66593
11/12/2016 8:00,14782.31421
11/12/2016 9:00,14799.22575
11/12/2016 10:00,14768.53988
11/12/2016 11:00,14781.79411
11/12/2016 12:00,14740.62899
11/12/2016 13:00,14681.38924
11/12/2016 14:00,14769.76839
11/12/2016 15:00,14790.30583
11/12/2016 16:00,14554.89754
11/12/2016 17:00,14093.57397
11/12/2016 18:00,13977.98421
11/12/2016 19:00,13407.12337
11/12/2016 20:00,13375.68408
11/12/2016 21:00,13378.36776
11/12/2016 22:00,13556.09587
11/12/2016 23:00,13908.50073
11/13/2016 0:00,14098.06844
11/13/2016 1:00,14209.79834
11/13/2016 2:00,14318.80249
11/13/2016 3:00,14385.42586
11/13/2016 4:00,14337.00073
11/13/2016 5:00,14410.79663
11/13/2016 6:00,14345.08073
11/13/2016 7:00,14461.67904
11/13/2016 8:00,14505.68335
11/13/2016 9:00,14622.86833
11/13/2016 10:00,14630.15348
11/13/2016 11:00,14604.27417
11/13/2016 12:00,14682.8042
11/13/2016 13:00,14757.04932
11/13/2016 14:00,14718.14331
11/13/2016 15:00,14761.60824
11/13/2016 16:00,14730.40422
11/13/2016 17:00,14568.16838
11/13/2016 18:00,14336.20076
11/13/2016 19:00,13789.68254
11/13/2016 20:00,13483.77905
11/13/2016 21:00,13469.5542
11/13/2016 22:00,8852.814046
11/13/2016 23:00,0
11/14/2016 0:00,0
11/14/2016 1:00,0
11/14/2016 2:00,14135.67832
11/14/2016 3:00,14918.31413
11/14/2016 4:00,14820.96004
11/14/2016 5:00,14914.05924
11/14/2016 6:00,14934.9659
11/14/2016 7:00,15093.70825
11/14/2016 8:00,15092.78426
11/14/2016 9:00,15032.52409
11/14/2016 10:00,15077.72819
11/14/2016 11:00,15057.97909
11/14/2016 12:00,15145.58919
11/14/2016 13:00,215458.1945
11/14/2016 14:00,244057.8802
11/14/2016 15:00,210683.7122
11/14/2016 16:00,196527.3893
11/14/2016 17:00,184278.9896
11/14/2016 18:00,166482.4674
11/14/2016 19:00,102866.3387
11/14/2016 20:00,41743.25732
11/14/2016 21:00,9945.54837
11/14/2016 22:00,1334.234146
11/14/2016 23:00,0
11/15/2016 0:00,0
11/15/2016 1:00,0
11/15/2016 2:00,25119.68236
11/15/2016 3:00,245783.1016
11/15/2016 4:00,153507.375
11/15/2016 5:00,144888.9661
11/15/2016 6:00,33672.67169
11/15/2016 7:00,1867.690016
11/15/2016 8:00,4452.925822
11/15/2016 9:00,7270.575033
11/15/2016 10:00,8942.986735
11/15/2016 11:00,10140.15088
11/15/2016 12:00,11439.3217
11/15/2016 13:00,168472.3092
11/15/2016 14:00,233807.3008
11/15/2016 15:00,197127.9193
11/15/2016 16:00,181755.8529
11/15/2016 17:00,115272.2598
11/15/2016 18:00,42008.7972
11/15/2016 19:00,8922.829188
11/15/2016 20:00,7909.949259
11/15/2016 21:00,13126.20166
11/15/2016 22:00,0
11/15/2016 23:00,0
11/16/2016 0:00,15716.15161
11/16/2016 1:00,23537.7369
11/16/2016 2:00,199436.194
11/16/2016 3:00,140461.4036
11/16/2016 4:00,141687.4635
11/16/2016 5:00,136608.4401
11/16/2016 6:00,42389.75031
11/16/2016 7:00,1496.409999
11/16/2016 8:00,3099.615804
11/16/2016 9:00,6169.928345
11/16/2016 10:00,8846.857544
11/16/2016 11:00,9877.014242
11/16/2016 12:00,116953.6256
11/16/2016 13:00,160713.5916
11/16/2016 14:00,220533.2852
11/16/2016 15:00,194090.9349
11/16/2016 16:00,243788.431
11/16/2016 17:00,210773.5586
11/16/2016 18:00,154925.4788
11/16/2016 19:00,124666.9447
11/16/2016 20:00,84677.56315
11/16/2016 21:00,30232.98153
11/16/2016 22:00,6812.669108
11/16/2016 23:00,5384.940786
11/17/2016 0:00,307476.6201
11/17/2016 1:00,256117.8086
11/17/2016 2:00,258434.4635
11/17/2016 3:00,262808.6927
11/17/2016 4:00,277593.9922
11/17/2016 5:00,285723.2109
11/17/2016 6:00,59833.31348
11/17/2016 7:00,31668.56673
11/17/2016 8:00,32852.15216
11/17/2016 9:00,29389.55227
11/17/2016 10:00,35067.03392
11/17/2016 11:00,57231.73988
11/17/2016 12:00,34454.26859
11/17/2016 13:00,107204.5997
11/17/2016 14:00,236138.6901
11/17/2016 15:00,261831.1172
11/17/2016 16:00,332476.2943
11/17/2016 17:00,388432.5208
11/17/2016 18:00,372746.7422
11/17/2016 19:00,323427.9505
11/17/2016 20:00,177770.9421
11/17/2016 21:00,73100.80697
11/17/2016 22:00,19930.44352
11/17/2016 23:00,2586.389999
11/18/2016 0:00,102774.6506
11/18/2016 1:00,343205.2318
11/18/2016 2:00,333248.2604
11/18/2016 3:00,338236.2031
11/18/2016 4:00,345683.8854
11/18/2016 5:00,337119.9089
11/18/2016 6:00,60008.98714
11/18/2016 7:00,30648.62598
11/18/2016 8:00,10042.04404
11/18/2016 9:00,61489.29167
11/18/2016 10:00,44667.85947
11/18/2016 11:00,5758.381582
11/18/2016 12:00,61895.8785
11/18/2016 13:00,157074.2276
11/18/2016 14:00,305229.349
11/18/2016 15:00,344510.3411
11/18/2016 16:00,371176.737
11/18/2016 17:00,398757.8359
11/18/2016 18:00,260846.5915
11/18/2016 19:00,86978.23307
11/18/2016 20:00,22350.80257
11/18/2016 21:00,303834.4062
11/18/2016 22:00,348523.901
11/18/2016 23:00,341754.763
11/19/2016 0:00,333961.2135
11/19/2016 1:00,345397.6719
11/19/2016 2:00,342348.7318
11/19/2016 3:00,351077.0625
11/19/2016 4:00,354882.3698
11/19/2016 5:00,352127.2891
11/19/2016 6:00,67067.25749
11/19/2016 7:00,21940.00154
11/19/2016 8:00,1852.469172
11/19/2016 9:00,1691.92998
11/19/2016 10:00,4768.558329
11/19/2016 11:00,64536.69887
11/19/2016 12:00,39465.52165
11/19/2016 13:00,36762.73778
11/19/2016 14:00,51626.78695
11/19/2016 15:00,33749.82573
11/19/2016 16:00,79433.82712
11/19/2016 17:00,4073.07755
11/19/2016 18:00,74615.6822
11/19/2016 19:00,2676.532537
11/19/2016 20:00,3822.9717
11/19/2016 21:00,5801.41748
11/19/2016 22:00,7219.320882
11/19/2016 23:00,8339.449137
11/20/2016 0:00,9385.222412
11/20/2016 1:00,10494.95256
11/20/2016 2:00,11354.82756
11/20/2016 3:00,11822.53996
11/20/2016 4:00,12239.46175
11/20/2016 5:00,12434.85433
11/20/2016 6:00,12602.16252
11/20/2016 7:00,12748.53996
11/20/2016 8:00,12888.70085
11/20/2016 9:00,13099.19849
11/20/2016 10:00,13188.67432
11/20/2016 11:00,13779.33171
11/20/2016 12:00,13183.52157
11/20/2016 13:00,13305.87581
11/20/2016 14:00,13633.47428
11/20/2016 15:00,16823.96269
11/20/2016 16:00,13310.34497
11/20/2016 17:00,13375.3042
11/20/2016 18:00,13196.87744
11/20/2016 19:00,13105.76343
11/20/2016 20:00,13102.87248
11/20/2016 21:00,13188.21663
11/20/2016 22:00,13191.00081
11/20/2016 23:00,13223.74251
11/21/2016 0:00,13429.16235
11/21/2016 1:00,14009.045
11/21/2016 2:00,19135.55591
11/21/2016 3:00,17871.30933
11/21/2016 4:00,215818.9564
11/21/2016 5:00,40608.81462
11/21/2016 6:00,25198.88237
11/21/2016 7:00,46616.78973
11/21/2016 8:00,11173.84902
11/21/2016 9:00,61878.16981
11/21/2016 10:00,58740.87435
11/21/2016 11:00,370496.4505
11/21/2016 12:00,393067.7005
11/21/2016 13:00,307871.5104
11/21/2016 14:00,386907.8177
11/21/2016 15:00,417286.4219
11/21/2016 16:00,371396.3073
11/21/2016 17:00,397377.7188
11/21/2016 18:00,420879.2917
11/21/2016 19:00,433416.3385
11/21/2016 20:00,328869.0508
11/21/2016 21:00,275013.1289
11/21/2016 22:00,142687.0579
11/21/2016 23:00,50188.21924
11/22/2016 0:00,15673.01921
11/22/2016 1:00,117494.9363
11/22/2016 2:00,381349.599
11/22/2016 3:00,373125.1875
11/22/2016 4:00,366929.7682
11/22/2016 5:00,359628.7839
11/22/2016 6:00,75356.9069
11/22/2016 7:00,17136.3689
11/22/2016 8:00,1293.866646
11/22/2016 9:00,3044.838308
11/22/2016 10:00,6039.695882
11/22/2016 11:00,384534.5919
11/22/2016 12:00,399222.2292
11/22/2016 13:00,371100.6536
11/22/2016 14:00,343101.5547
11/22/2016 15:00,397186.9505
11/22/2016 16:00,416408.4089
11/22/2016 17:00,418103.5781
11/22/2016 18:00,360327.3151
11/22/2016 19:00,320983.7448
11/22/2016 20:00,223382.2949
11/22/2016 21:00,60747.59408
11/22/2016 22:00,15090.34257
11/22/2016 23:00,121458.6198
11/23/2016 0:00,361739.2656
11/23/2016 1:00,367470.7318
11/23/2016 2:00,338154.3984
11/23/2016 3:00,308441.0938
11/23/2016 4:00,313774.5234
11/23/2016 5:00,317098.2448
11/23/2016 6:00,75200.32536
11/23/2016 7:00,43035.48356
11/23/2016 8:00,36813.46484
11/23/2016 9:00,31230.11093
11/23/2016 10:00,35518.48405
11/23/2016 11:00,363459.2542
11/23/2016 12:00,409290.349
11/23/2016 13:00,349277.0365
11/23/2016 14:00,303427.7057
11/23/2016 15:00,392499.7135
11/23/2016 16:00,410172.4557
11/23/2016 17:00,417794.1953
11/23/2016 18:00,430475.1484
11/23/2016 19:00,315805.0078
11/23/2016 20:00,265670.3346
11/23/2016 21:00,261841.806
11/23/2016 22:00,279712.5534
11/23/2016 23:00,287861.9089
11/24/2016 0:00,294524.8724
11/24/2016 1:00,309852.1224
11/24/2016 2:00,311149.7318
11/24/2016 3:00,308997.2448
11/24/2016 4:00,304674.1276
11/24/2016 5:00,293463.6484
11/24/2016 6:00,62862.6543
11/24/2016 7:00,36904.84326
11/24/2016 8:00,36745.43083
11/24/2016 9:00,36686.43343
11/24/2016 10:00,33991.62061
11/24/2016 11:00,31719.08317
11/24/2016 12:00,28166.48617
11/24/2016 13:00,22125.97184
11/24/2016 14:00,18137.69246
11/24/2016 15:00,16709.56502
11/24/2016 16:00,15453.6158
11/24/2016 17:00,14723.39748
11/24/2016 18:00,15476.95565
11/24/2016 19:00,13214.35246
11/24/2016 20:00,13182.45601
11/24/2016 21:00,17049.49762
11/24/2016 22:00,19485.83838
11/24/2016 23:00,22349.78337
11/25/2016 0:00,23692.72339
11/25/2016 1:00,25544.77515
11/25/2016 2:00,30384.25244
11/25/2016 3:00,29675.4209
11/25/2016 4:00,30997.23079
11/25/2016 5:00,26545.30143
11/25/2016 6:00,31105.93001
11/25/2016 7:00,38220.5612
11/25/2016 8:00,38311.55306
11/25/2016 9:00,33054.12663
11/25/2016 10:00,31964.24105
11/25/2016 11:00,32388.94218
11/25/2016 12:00,35529.69637
11/25/2016 13:00,26379.39803
11/25/2016 14:00,23754.5188
11/25/2016 15:00,24282.34473
11/25/2016 16:00,22757.09253
11/25/2016 17:00,22027.79663
11/25/2016 18:00,22495.15511
11/25/2016 19:00,20982.11068
11/25/2016 20:00,20573.63916
11/25/2016 21:00,19300.39917
11/25/2016 22:00,21478.84733
11/25/2016 23:00,24865.80501
11/26/2016 0:00,24895.48405
11/26/2016 1:00,26232.53516
11/26/2016 2:00,27329.68066
11/26/2016 3:00,29335.97949
11/26/2016 4:00,32927.61019
11/26/2016 5:00,30827.47754
11/26/2016 6:00,33756.44604
11/26/2016 7:00,32821.26774
11/26/2016 8:00,32577.19499
11/26/2016 9:00,30322.51579
11/26/2016 10:00,30787.77254
11/26/2016 11:00,31388.84229
11/26/2016 12:00,32069.08366
11/26/2016 13:00,30807.6936
11/26/2016 14:00,32592.51953
11/26/2016 15:00,29570.01969
11/26/2016 16:00,33167.34538
11/26/2016 17:00,32977.32503
11/26/2016 18:00,32874.09701
11/26/2016 19:00,32117.10954
11/26/2016 20:00,30330.9257
11/26/2016 21:00,34115.9113
11/26/2016 22:00,23131.8492
11/26/2016 23:00,62116.51347
11/27/2016 0:00,35673.61816
11/27/2016 1:00,32036.99137
11/27/2016 2:00,33860.02627
11/27/2016 3:00,34418.9882
11/27/2016 4:00,34477.81413
11/27/2016 5:00,29857.5981
11/27/2016 6:00,32090.89809
11/27/2016 7:00,35029.59245
11/27/2016 8:00,31281.24129
11/27/2016 9:00,33368.77547
11/27/2016 10:00,32179.83569
11/27/2016 11:00,39981.82552
11/27/2016 12:00,39219.3016
11/27/2016 13:00,33218.27686
11/27/2016 14:00,35547.18175
11/27/2016 15:00,35116.61009
11/27/2016 16:00,38486.77165
11/27/2016 17:00,35346.993
11/27/2016 18:00,38655.3226
11/27/2016 19:00,16983.98224
11/27/2016 20:00,19170.59002
11/27/2016 21:00,39658.42329
11/27/2016 22:00,3103.856691
11/27/2016 23:00,6706.646664
11/28/2016 0:00,139105.7714
11/28/2016 1:00,33215.50277
11/28/2016 2:00,32862.89181
11/28/2016 3:00,32733.69857
11/28/2016 4:00,32785.2915
11/28/2016 5:00,32999.7889
11/28/2016 6:00,30963.19458
11/28/2016 7:00,32540.64736
11/28/2016 8:00,34825.88314
11/28/2016 9:00,30659.56238
11/28/2016 10:00,33373.829
11/28/2016 11:00,362877.8906
11/28/2016 12:00,399564.9635
11/28/2016 13:00,389257.6172
11/28/2016 14:00,350692.4635
11/28/2016 15:00,326411.4427
11/28/2016 16:00,300013.2969
11/28/2016 17:00,278800.5833
11/28/2016 18:00,280093.6797
11/28/2016 19:00,282128.6302
11/28/2016 20:00,290836.2214
11/28/2016 21:00,305734.3177
11/28/2016 22:00,288359.8581
11/28/2016 23:00,297475.1979
11/29/2016 0:00,307550.8307
11/29/2016 1:00,315648.2943
11/29/2016 2:00,323213.7891
11/29/2016 3:00,332155.6328
11/29/2016 4:00,334080.849
11/29/2016 5:00,328464.2969
11/29/2016 6:00,71828.2526
11/29/2016 7:00,40789.35807
11/29/2016 8:00,34215.05876
11/29/2016 9:00,38788.53605
11/29/2016 10:00,39972.26009
11/29/2016 11:00,340790.1383
11/29/2016 12:00,382898.6354
11/29/2016 13:00,325240.418
11/29/2016 14:00,265941.7565
11/29/2016 15:00,340600.0417
11/29/2016 16:00,384327.9635
11/29/2016 17:00,408038.0833
11/29/2016 18:00,415502.4948
11/29/2016 19:00,384991.5859
11/29/2016 20:00,289216.3906
11/29/2016 21:00,286893.6146
11/29/2016 22:00,303241.6745
11/29/2016 23:00,323879.5885
11/30/2016 0:00,330177.5573
11/30/2016 1:00,348551.7995
11/30/2016 2:00,356354.013
11/30/2016 3:00,359527.9844
11/30/2016 4:00,353372.4661
11/30/2016 5:00,337484.8724
11/30/2016 6:00,70610.75667
11/30/2016 7:00,38000.479
11/30/2016 8:00,32212.61833
11/30/2016 9:00,34050.70256
11/30/2016 10:00,35320.729
11/30/2016 11:00,336056.0905
11/30/2016 12:00,360998.5911
11/30/2016 13:00,318651.2083
11/30/2016 14:00,242051.9453
11/30/2016 15:00,358473.1953
11/30/2016 16:00,399244.0417
11/30/2016 17:00,428450.2109
11/30/2016 18:00,422460.4922
11/30/2016 19:00,397572.4948
11/30/2016 20:00,299635.957
11/30/2016 21:00,283205.7995
11/30/2016 22:00,289483.5443
11/30/2016 23:00,290245.8021
12/1/2016 0:00,306794.4896
12/1/2016 1:00,326129.638
12/1/2016 2:00,330022.9766
12/1/2016 3:00,333972.3359
12/1/2016 4:00,332764.3906
12/1/2016 5:00,326377.0208
12/1/2016 6:00,65185.99365
12/1/2016 7:00,38465.50081
12/1/2016 8:00,34248.7063
12/1/2016 9:00,36204.0603
12/1/2016 10:00,31758.95671
12/1/2016 11:00,344092.5563
12/1/2016 12:00,374824.7422
12/1/2016 13:00,299350.75
12/1/2016 14:00,307431.4036
12/1/2016 15:00,308571.401
12/1/2016 16:00,387316.7839
12/1/2016 17:00,403845.3984
12/1/2016 18:00,417325.1276
12/1/2016 19:00,384721.4193
12/1/2016 20:00,264102.4023
12/1/2016 21:00,264814.4049
12/1/2016 22:00,272814.9427
12/1/2016 23:00,290171.2643
12/2/2016 0:00,296842.0703
12/2/2016 1:00,310652.7214
12/2/2016 2:00,310189.0469
12/2/2016 3:00,314919.0391
12/2/2016 4:00,314582.4635
12/2/2016 5:00,306995.6068
12/2/2016 6:00,67741.18522
12/2/2016 7:00,37574.2819
12/2/2016 8:00,30360.78569
12/2/2016 9:00,31133.87984
12/2/2016 10:00,30721.06901
12/2/2016 11:00,307162.5443
12/2/2016 12:00,333528.1172
12/2/2016 13:00,261889.7891
12/2/2016 14:00,222739.5052
12/2/2016 15:00,295263.9206
12/2/2016 16:00,373941.7813
12/2/2016 17:00,398488.5781
12/2/2016 18:00,401611.987
12/2/2016 19:00,395401.5365
12/2/2016 20:00,326734.9596
12/2/2016 21:00,278892.8529
12/2/2016 22:00,276257.112
12/2/2016 23:00,284653.3411
12/3/2016 0:00,286245.9453
12/3/2016 1:00,289787.9922
12/3/2016 2:00,298734.6224
12/3/2016 3:00,303159.1927
12/3/2016 4:00,300114.3542
12/3/2016 5:00,293041.5573
12/3/2016 6:00,56057.0957
12/3/2016 7:00,26612.4126
12/3/2016 8:00,23875.71737
12/3/2016 9:00,25159.27173
12/3/2016 10:00,24147.91341
12/3/2016 11:00,24431.42253
12/3/2016 12:00,24429.45345
12/3/2016 13:00,20452.41659
12/3/2016 14:00,19869.99406
12/3/2016 15:00,18664.6842
12/3/2016 16:00,253833.6839
12/3/2016 17:00,295321.901
12/3/2016 18:00,293922.1875
12/3/2016 19:00,293989.724
12/3/2016 20:00,298416.6654
12/3/2016 21:00,301079.3359
12/3/2016 22:00,317251.7969
12/3/2016 23:00,64333.76953
12/4/2016 0:00,33379.66732
12/4/2016 1:00,33834.07601
12/4/2016 2:00,33313.99756
12/4/2016 3:00,34023.74479
12/4/2016 4:00,34202.65234
12/4/2016 5:00,33620.15527
12/4/2016 6:00,33247.15682
12/4/2016 7:00,34283.69564
12/4/2016 8:00,32287.12158
12/4/2016 9:00,31825.39372
12/4/2016 10:00,34468.17562
12/4/2016 11:00,31100.09928
12/4/2016 12:00,29741.77808
12/4/2016 13:00,30041.12695
12/4/2016 14:00,28926.80436
12/4/2016 15:00,24149.70164
12/4/2016 16:00,27838.38407
12/4/2016 17:00,26999.56242
12/4/2016 18:00,26881.55412
12/4/2016 19:00,15629.36824
12/4/2016 20:00,10091.33394
12/4/2016 21:00,56987.90837
12/4/2016 22:00,5243.239222
12/4/2016 23:00,3323.69251
12/5/2016 0:00,39405.84892
12/5/2016 1:00,29802.08561
12/5/2016 2:00,31233.00586
12/5/2016 3:00,31444.99707
12/5/2016 4:00,31665.54167
12/5/2016 5:00,32687.56396
12/5/2016 6:00,29874.90495
12/5/2016 7:00,33085.9353
12/5/2016 8:00,32627.13147
12/5/2016 9:00,30790.0727
12/5/2016 10:00,31395.7609
12/5/2016 11:00,328895.5793
12/5/2016 12:00,345648.2708
12/5/2016 13:00,302155.6302
12/5/2016 14:00,260202.1849
12/5/2016 15:00,354699.3138
12/5/2016 16:00,416424.4401
12/5/2016 17:00,410489.0573
12/5/2016 18:00,405456.776
12/5/2016 19:00,424155.6146
12/5/2016 20:00,323851.651
12/5/2016 21:00,266008.5794
12/5/2016 22:00,277353.1849
12/5/2016 23:00,280320.8724
12/6/2016 0:00,280385.8203
12/6/2016 1:00,280600.6875
12/6/2016 2:00,277432.5026
12/6/2016 3:00,278678.9896
12/6/2016 4:00,271665.9271
12/6/2016 5:00,269736.2279
12/6/2016 6:00,58197.23128
12/6/2016 7:00,29681.83919
12/6/2016 8:00,21971.80908
12/6/2016 9:00,25335.22982
12/6/2016 10:00,26249.15177
12/6/2016 11:00,280755.1302
12/6/2016 12:00,293990.8906
12/6/2016 13:00,254288.9049
12/6/2016 14:00,251865.4909
12/6/2016 15:00,353236.2005
12/6/2016 16:00,398135.9297
12/6/2016 17:00,401225.3229
12/6/2016 18:00,404552.5104
12/6/2016 19:00,419621.4714
12/6/2016 20:00,358200.8906
12/6/2016 21:00,298262.1458
12/6/2016 22:00,267533.3346
12/6/2016 23:00,252874.2292
12/7/2016 0:00,224970.6823
12/7/2016 1:00,323415.1003
12/7/2016 2:00,413487.763
12/7/2016 3:00,404870.8307
12/7/2016 4:00,414628.2057
12/7/2016 5:00,344018.1198
12/7/2016 6:00,62318.00081
12/7/2016 7:00,28211.30876
12/7/2016 8:00,22589.1674
12/7/2016 9:00,23006.42171
12/7/2016 10:00,23128.16764
12/7/2016 11:00,280355.4445
12/7/2016 12:00,291704.0365
12/7/2016 13:00,237396.2025
12/7/2016 14:00,249170.3099
12/7/2016 15:00,347659.0521
12/7/2016 16:00,366590.4974
12/7/2016 17:00,373428.6406
12/7/2016 18:00,401598.1094
12/7/2016 19:00,404836.8464
12/7/2016 20:00,405101.9844
12/7/2016 21:00,403606.2422
12/7/2016 22:00,403652.4323
12/7/2016 23:00,406425.8281
12/8/2016 0:00,380036.0625
12/8/2016 1:00,367296.1745
12/8/2016 2:00,365446.7604
12/8/2016 3:00,363281.8177
12/8/2016 4:00,341707.2969
12/8/2016 5:00,253454.8451
12/8/2016 6:00,50320.37077
12/8/2016 7:00,21828.27743
12/8/2016 8:00,23469.50309
12/8/2016 9:00,23156.75928
12/8/2016 10:00,21921.21232
12/8/2016 11:00,241888.5661
12/8/2016 12:00,239388.2513
12/8/2016 13:00,203470.7565
12/8/2016 14:00,195791.4232
12/8/2016 15:00,293982.681
12/8/2016 16:00,344355.4219
12/8/2016 17:00,359720.6484
12/8/2016 18:00,358704.8828
12/8/2016 19:00,349836.6979
12/8/2016 20:00,324578.6237
12/8/2016 21:00,226292.9336
12/8/2016 22:00,224406.6523
12/8/2016 23:00,220849.4766
12/9/2016 0:00,217440.6953
12/9/2016 1:00,214018.1367
12/9/2016 2:00,216895.5703
12/9/2016 3:00,218503.7695
12/9/2016 4:00,220196.2773
12/9/2016 5:00,222520.2708
12/9/2016 6:00,51934.84684
12/9/2016 7:00,27324.88851
12/9/2016 8:00,25458.76929
12/9/2016 9:00,30859.27799
12/9/2016 10:00,29163.94222
12/9/2016 11:00,288590.2731
12/9/2016 12:00,286026.6966
12/9/2016 13:00,262487.1771
12/9/2016 14:00,250168.1367
12/9/2016 15:00,242460.9206
12/9/2016 16:00,233795.6992
12/9/2016 17:00,223520.9206
12/9/2016 18:00,224664.0313
12/9/2016 19:00,227958.2695
12/9/2016 20:00,216210.5924
12/9/2016 21:00,211322.026
12/9/2016 22:00,127352.1413
12/9/2016 23:00,58210.12174
12/10/2016 0:00,18620.73848
12/10/2016 1:00,2508.989161
12/10/2016 2:00,5950.812541
12/10/2016 3:00,9364.023438
12/10/2016 4:00,10973.91488
12/10/2016 5:00,10777.73592
12/10/2016 6:00,12477.27987
12/10/2016 7:00,12706.41756
12/10/2016 8:00,12556.89339
12/10/2016 9:00,12531.64575
12/10/2016 10:00,12494.18498
12/10/2016 11:00,12450.91667
12/10/2016 12:00,12417.05835
12/10/2016 13:00,12332.49593
12/10/2016 14:00,12433.49821
12/10/2016 15:00,12335.89494
12/10/2016 16:00,2574.806708
12/10/2016 17:00,3737.218343
12/10/2016 18:00,6332.862508
12/10/2016 19:00,7140.027507
12/10/2016 20:00,6917.668376
12/10/2016 21:00,8309.247599
12/10/2016 22:00,8656.846558
12/10/2016 23:00,12872.81999
12/11/2016 0:00,13396.3466
12/11/2016 1:00,12836.73999
12/11/2016 2:00,3170.489176
12/11/2016 3:00,0
12/11/2016 4:00,0
12/11/2016 5:00,0
12/11/2016 6:00,0
12/11/2016 7:00,0
12/11/2016 8:00,0
12/11/2016 9:00,0
12/11/2016 10:00,0
12/11/2016 11:00,30655.85021
12/11/2016 12:00,0
12/11/2016 13:00,0
12/11/2016 14:00,0
12/11/2016 15:00,0
12/11/2016 16:00,0
12/11/2016 17:00,0
12/11/2016 18:00,0
12/11/2016 19:00,0
12/11/2016 20:00,0
12/11/2016 21:00,0
12/11/2016 22:00,0
12/11/2016 23:00,0
12/12/2016 0:00,0
12/12/2016 1:00,0
12/12/2016 2:00,0
12/12/2016 3:00,0
12/12/2016 4:00,0
12/12/2016 5:00,0
12/12/2016 6:00,0
12/12/2016 7:00,0
12/12/2016 8:00,0
12/12/2016 9:00,0
12/12/2016 10:00,0
12/12/2016 11:00,62177.91396
12/12/2016 12:00,81687.14714
12/12/2016 13:00,95563.99408
12/12/2016 14:00,50326.76465
12/12/2016 15:00,0
12/12/2016 16:00,0
12/12/2016 17:00,0
12/12/2016 18:00,0
12/12/2016 19:00,0
12/12/2016 20:00,0
12/12/2016 21:00,0
12/12/2016 22:00,154902.2435
12/12/2016 23:00,212936.9518
12/13/2016 0:00,211095.0052
12/13/2016 1:00,204443.4974
12/13/2016 2:00,198448.8906
12/13/2016 3:00,194641.5104
12/13/2016 4:00,178444.8216
12/13/2016 5:00,165662.3776
12/13/2016 6:00,33768.07324
12/13/2016 7:00,19938.77848
12/13/2016 8:00,19912.0459
12/13/2016 9:00,19737.62907
12/13/2016 10:00,20483.19515
12/13/2016 11:00,165488.2718
12/13/2016 12:00,174265.5612
12/13/2016 13:00,79256.61589
12/13/2016 14:00,24365.75338
12/13/2016 15:00,9602.491414
12/13/2016 16:00,7460.608195
12/13/2016 17:00,6830.918213
12/13/2016 18:00,0
12/13/2016 19:00,0
12/13/2016 20:00,35949.99089
12/13/2016 21:00,74237.69987
12/13/2016 22:00,70578.16113
12/13/2016 23:00,75343.72656
12/14/2016 0:00,78983.32357
12/14/2016 1:00,77239.13411
12/14/2016 2:00,86428.44271
12/14/2016 3:00,86917.66536
12/14/2016 4:00,82765.14779
12/14/2016 5:00,79949.49544
12/14/2016 6:00,16413.26635
12/14/2016 7:00,11183.12762
12/14/2016 8:00,3715.716634
12/14/2016 9:00,0
12/14/2016 10:00,0
12/14/2016 11:00,71720.31807
12/14/2016 12:00,86001.84896
12/14/2016 13:00,140185.182
12/14/2016 14:00,166483.694
12/14/2016 15:00,153795.1419
12/14/2016 16:00,147261.6888
12/14/2016 17:00,145719.0573
12/14/2016 18:00,144561.7422
12/14/2016 19:00,140842.3906
12/14/2016 20:00,100669.1523
12/14/2016 21:00,87977.86003
12/14/2016 22:00,87691.33724
12/14/2016 23:00,91064.0293
12/15/2016 0:00,88294.56771
12/15/2016 1:00,80952.65063
12/15/2016 2:00,85738.45898
12/15/2016 3:00,77610.45418
12/15/2016 4:00,71894.63949
12/15/2016 5:00,68823.27604
12/15/2016 6:00,12239.1715
12/15/2016 7:00,0
12/15/2016 8:00,0
12/15/2016 9:00,0
12/15/2016 10:00,0
12/15/2016 11:00,25256.3522
12/15/2016 12:00,38110.67666
12/15/2016 13:00,46584.23796
12/15/2016 14:00,77451.35352
12/15/2016 15:00,95092.21029
12/15/2016 16:00,91128.24186
12/15/2016 17:00,92783.80208
12/15/2016 18:00,90623.5599
12/15/2016 19:00,88940.46484
12/15/2016 20:00,142854.5798
12/15/2016 21:00,127731.6706
12/15/2016 22:00,0
12/15/2016 23:00,0
12/16/2016 0:00,30739.83505
12/16/2016 1:00,5616.884061
12/16/2016 2:00,13349.05835
12/16/2016 3:00,166299.8922
12/16/2016 4:00,178644.5039
12/16/2016 5:00,168300.5625
12/16/2016 6:00,32676.23452
12/16/2016 7:00,7922.272461
12/16/2016 8:00,9719.149333
12/16/2016 9:00,10600.62492
12/16/2016 10:00,11186.54834
12/16/2016 11:00,204300.506
12/16/2016 12:00,177727.3398
12/16/2016 13:00,123184.2174
12/16/2016 14:00,196722.362
12/16/2016 15:00,273223.7279
12/16/2016 16:00,284717.0078
12/16/2016 17:00,298542.3698
12/16/2016 18:00,294730.0716
12/16/2016 19:00,326030.1406
12/16/2016 20:00,336590.9531
12/16/2016 21:00,323160.3854
12/16/2016 22:00,335366.2917
12/16/2016 23:00,336727.8281
12/17/2016 0:00,332218.8307
12/17/2016 1:00,334430.513
12/17/2016 2:00,360723.2969
12/17/2016 3:00,371590.0703
12/17/2016 4:00,372739.4948
12/17/2016 5:00,314619.2949
12/17/2016 6:00,59220.57829
12/17/2016 7:00,25325.84001
12/17/2016 8:00,6714.132427
12/17/2016 9:00,3245.996633
12/17/2016 10:00,5951.959229
12/17/2016 11:00,7882.844116
12/17/2016 12:00,10062.96826
12/17/2016 13:00,11218.27751
12/17/2016 14:00,43981.96379
12/17/2016 15:00,21811.27671
12/17/2016 16:00,10202.13763
12/17/2016 17:00,4349.58079
12/17/2016 18:00,7081.258382
12/17/2016 19:00,8771.232544
12/17/2016 20:00,9978.073242
12/17/2016 21:00,10776.56502
12/17/2016 22:00,11452.69588
12/17/2016 23:00,12054.25667
12/18/2016 0:00,12548.6591
12/18/2016 1:00,13052.47485
12/18/2016 2:00,16087.68156
12/18/2016 3:00,13095.6276
12/18/2016 4:00,50448.73881
12/18/2016 5:00,16164.89934
12/18/2016 6:00,26573.75631
12/18/2016 7:00,34771.07699
12/18/2016 8:00,4127.102452
12/18/2016 9:00,64403.70196
12/18/2016 10:00,43971.11474
12/18/2016 11:00,21876.96659
12/18/2016 12:00,26987.9302
12/18/2016 13:00,36470.11218
12/18/2016 14:00,17499.89264
12/18/2016 15:00,15564.65918
12/18/2016 16:00,14524.4716
12/18/2016 17:00,9279.484151
12/18/2016 18:00,5861.843384
12/18/2016 19:00,8413.430908
12/18/2016 20:00,9670.519287
12/18/2016 21:00,10893.97241
12/18/2016 22:00,11576.5367
12/18/2016 23:00,12228.54329
12/19/2016 0:00,12790.60677
12/19/2016 1:00,13157.19076
12/19/2016 2:00,13553.29834
12/19/2016 3:00,13894.6202
12/19/2016 4:00,101155.1293
12/19/2016 5:00,26707.13576
12/19/2016 6:00,19347.99752
12/19/2016 7:00,23015.38786
12/19/2016 8:00,16589.83594
12/19/2016 9:00,18537.61755
12/19/2016 10:00,15851.54732
12/19/2016 11:00,237554.8688
12/19/2016 12:00,234289.8555
12/19/2016 13:00,204348.2904
12/19/2016 14:00,222709.9271
12/19/2016 15:00,301084.2826
12/19/2016 16:00,355256.6328
12/19/2016 17:00,373408.0078
12/19/2016 18:00,361512.4505
12/19/2016 19:00,370680.7422
12/19/2016 20:00,394979.8021
12/19/2016 21:00,387458.3464
12/19/2016 22:00,369480.6693
12/19/2016 23:00,354519.9714
12/20/2016 0:00,351498.0417
12/20/2016 1:00,336620.5052
12/20/2016 2:00,356281.8568
12/20/2016 3:00,354531.8932
12/20/2016 4:00,353639.9323
12/20/2016 5:00,373100.6875
12/20/2016 6:00,82728.52303
12/20/2016 7:00,37445.51554
12/20/2016 8:00,11334.70252
12/20/2016 9:00,3414.578323
12/20/2016 10:00,1937.621667
12/20/2016 11:00,146180.7574
12/20/2016 12:00,117446.7474
12/20/2016 13:00,91198.43099
12/20/2016 14:00,143573.4112
12/20/2016 15:00,349494.0703
12/20/2016 16:00,391217.1823
12/20/2016 17:00,365073.638
12/20/2016 18:00,355792.625
12/20/2016 19:00,363903.5495
12/20/2016 20:00,141629.0036
12/20/2016 21:00,25620.76685
12/20/2016 22:00,7460.368257
12/20/2016 23:00,17624.99064
12/21/2016 0:00,21464.02767
12/21/2016 1:00,288475.9495
12/21/2016 2:00,359696.0208
12/21/2016 3:00,360738.1615
12/21/2016 4:00,358441.1836
12/21/2016 5:00,344631.974
12/21/2016 6:00,47953.18147
12/21/2016 7:00,3950.505839
12/21/2016 8:00,5269.920776
12/21/2016 9:00,6516.152507
12/21/2016 10:00,9151.982422
12/21/2016 11:00,338909.1874
12/21/2016 12:00,344213.3307
12/21/2016 13:00,343952.3932
12/21/2016 14:00,329647.0911
12/21/2016 15:00,331312.8333
12/21/2016 16:00,321119.8021
12/21/2016 17:00,308683.319
12/21/2016 18:00,278070.6657
12/21/2016 19:00,70904.07666
12/21/2016 20:00,9587.899254
12/21/2016 21:00,14068.23389
12/21/2016 22:00,21320.83008
12/21/2016 23:00,24237.12842
12/22/2016 0:00,25098.2583
12/22/2016 1:00,26317.97184
12/22/2016 2:00,291410.2207
12/22/2016 3:00,199066.3661
12/22/2016 4:00,2266.618362
12/22/2016 5:00,5912.709147
12/22/2016 6:00,8009.830851
12/22/2016 7:00,10231.73421
12/22/2016 8:00,11720.98999
12/22/2016 9:00,12558.97673
12/22/2016 10:00,13316.51253
12/22/2016 11:00,128152.8639
12/22/2016 12:00,59913.26308
12/22/2016 13:00,38707.36667
12/22/2016 14:00,130018.6288
12/22/2016 15:00,336831.1042
12/22/2016 16:00,328040.7943
12/22/2016 17:00,329614.9583
12/22/2016 18:00,326111.3984
12/22/2016 19:00,214687.5762
12/22/2016 20:00,39866.75065
12/22/2016 21:00,6885.041684
12/22/2016 22:00,18527.97371
12/22/2016 23:00,23333.3234
12/23/2016 0:00,24907.59814
12/23/2016 1:00,345763.015
12/23/2016 2:00,333499.431
12/23/2016 3:00,303621.2578
12/23/2016 4:00,293271.1992
12/23/2016 5:00,210742.2747
12/23/2016 6:00,35677.76507
12/23/2016 7:00,5545.707479
12/23/2016 8:00,8162.600016
12/23/2016 9:00,9858.790039
12/23/2016 10:00,11177.01245
12/23/2016 11:00,136141.1655
12/23/2016 12:00,144634.5417
12/23/2016 13:00,126448.875
12/23/2016 14:00,112752.2194
12/23/2016 15:00,107844.5579
12/23/2016 16:00,111396.5072
12/23/2016 17:00,102088.9492
12/23/2016 18:00,96671.32943
12/23/2016 19:00,101694.1139
12/23/2016 20:00,112448.5039
12/23/2016 21:00,74892.22909
12/23/2016 22:00,7939.48086
12/23/2016 23:00,97929.75277
12/24/2016 0:00,172593.5938
12/24/2016 1:00,179852.4714
12/24/2016 2:00,191402.1016
12/24/2016 3:00,196606.1198
12/24/2016 4:00,204432.6745
12/24/2016 5:00,208745.0299
12/24/2016 6:00,46999.92855
12/24/2016 7:00,27665.00431
12/24/2016 8:00,31022.71729
12/24/2016 9:00,36349.7264
12/24/2016 10:00,27633.19423
12/24/2016 11:00,35991.88568
12/24/2016 12:00,62418.18766
12/24/2016 13:00,30363.65904
12/24/2016 14:00,35338.32475
12/24/2016 15:00,28179.54508
12/24/2016 16:00,15704.59445
12/24/2016 17:00,3688.445801
12/24/2016 18:00,6260.559163
12/24/2016 19:00,7843.48999
12/24/2016 20:00,9027.228353
12/24/2016 21:00,10316.23389
12/24/2016 22:00,11168.78084
12/24/2016 23:00,11838.80664
12/25/2016 0:00,12394.82666
12/25/2016 1:00,13007.28174
12/25/2016 2:00,13299.69149
12/25/2016 3:00,13568.44246
12/25/2016 4:00,13937.31999
12/25/2016 5:00,130087.8957
12/25/2016 6:00,35983.69694
12/25/2016 7:00,43514.20785
12/25/2016 8:00,52874.03221
12/25/2016 9:00,36774.69191
12/25/2016 10:00,32950.49609
12/25/2016 11:00,28367.39697
12/25/2016 12:00,36996.51182
12/25/2016 13:00,21862.27015
12/25/2016 14:00,38888.43317
12/25/2016 15:00,16050.15079
12/25/2016 16:00,58689.21073
12/25/2016 17:00,23957.43355
12/25/2016 18:00,4494.234904
12/25/2016 19:00,6082.676636
12/25/2016 20:00,7469.640015
12/25/2016 21:00,9190.112386
12/25/2016 22:00,10353.84082
12/25/2016 23:00,11332.59505
12/26/2016 0:00,12054.92749
12/26/2016 1:00,12593.88664
12/26/2016 2:00,12944.04915
12/26/2016 3:00,13505.83162
12/26/2016 4:00,24622.01481
12/26/2016 5:00,13103.58911
12/26/2016 6:00,13440.77344
12/26/2016 7:00,13662.58846
12/26/2016 8:00,101340.76
12/26/2016 9:00,199889.3171
12/26/2016 10:00,70064.86792
12/26/2016 11:00,39324.17017
12/26/2016 12:00,23602.683
12/26/2016 13:00,16950.41512
12/26/2016 14:00,13811.35095
12/26/2016 15:00,13703.25179
12/26/2016 16:00,11394.03674
12/26/2016 17:00,14676.22145
12/26/2016 18:00,5330.499156
12/26/2016 19:00,7287.269165
12/26/2016 20:00,9112.285807
12/26/2016 21:00,10437.01742
12/26/2016 22:00,11289.17912
12/26/2016 23:00,11916.2076
12/27/2016 0:00,12495.47013
12/27/2016 1:00,13025.4257
12/27/2016 2:00,31291.24772
12/27/2016 3:00,90842.58108
12/27/2016 4:00,34989.03904
12/27/2016 5:00,21176.40007
12/27/2016 6:00,31684.1818
12/27/2016 7:00,28928.90902
12/27/2016 8:00,37268.52645
12/27/2016 9:00,36780.5575
12/27/2016 10:00,23365.00684
12/27/2016 11:00,27395.03246
12/27/2016 12:00,18115.59603
12/27/2016 13:00,19740.58203
12/27/2016 14:00,15997.71757
12/27/2016 15:00,13237.05903
12/27/2016 16:00,37754.73004
12/27/2016 17:00,20347.02004
12/27/2016 18:00,4793.817464
12/27/2016 19:00,6748.908407
12/27/2016 20:00,8564.017456
12/27/2016 21:00,9849.2618
12/27/2016 22:00,10738.62077
12/27/2016 23:00,11426.72746
12/28/2016 0:00,12060.44417
12/28/2016 1:00,12760.26912
12/28/2016 2:00,13147.74325
12/28/2016 3:00,13635.54346
12/28/2016 4:00,107301.4403
12/28/2016 5:00,43716.12615
12/28/2016 6:00,42324.68767
12/28/2016 7:00,37448.44442
12/28/2016 8:00,38568.72795
12/28/2016 9:00,38647.38264
12/28/2016 10:00,32715.36747
12/28/2016 11:00,27798.97233
12/28/2016 12:00,25262.17773
12/28/2016 13:00,27031.87142
12/28/2016 14:00,26754.05404
12/28/2016 15:00,21264.03524
12/28/2016 16:00,188671.1107
12/28/2016 17:00,278887.293
12/28/2016 18:00,262187.0924
12/28/2016 19:00,297347.0104
12/28/2016 20:00,205507.3021
12/28/2016 21:00,94663.39779
12/28/2016 22:00,45210.87402
12/28/2016 23:00,20084.61654
12/29/2016 0:00,6726.549947
12/29/2016 1:00,167343.243
12/29/2016 2:00,43841.20374
12/29/2016 3:00,9404.814209
12/29/2016 4:00,12982.11003
12/29/2016 5:00,61861.29458
12/29/2016 6:00,37210.52039
12/29/2016 7:00,40146.28328
12/29/2016 8:00,21669.62907
12/29/2016 9:00,23753.03646
12/29/2016 10:00,21396.11914
12/29/2016 11:00,17288.64014
12/29/2016 12:00,12146.34912
12/29/2016 13:00,15174.17424
12/29/2016 14:00,9707.084229
12/29/2016 15:00,13931.05105
12/29/2016 16:00,25132.81527
12/29/2016 17:00,27453.15704
12/29/2016 18:00,155515.1355
12/29/2016 19:00,188947.0176
12/29/2016 20:00,83829.86719
12/29/2016 21:00,38936.83577
12/29/2016 22:00,16486.01164
12/29/2016 23:00,4948.805786
12/30/2016 0:00,1330.875834
12/30/2016 1:00,227222.9958
12/30/2016 2:00,37753.85826
12/30/2016 3:00,9334.54834
12/30/2016 4:00,10950.91243
12/30/2016 5:00,11795.07414
12/30/2016 6:00,12503.86426
12/30/2016 7:00,88982.70573
12/30/2016 8:00,29862.51331
12/30/2016 9:00,19384.12592
12/30/2016 10:00,26804.76876
12/30/2016 11:00,220469.1631
12/30/2016 12:00,208033.5742
12/30/2016 13:00,182902.6172
12/30/2016 14:00,165219.4818
12/30/2016 15:00,152632.181
12/30/2016 16:00,143282.321
12/30/2016 17:00,151426.8926
12/30/2016 18:00,217510.776
12/30/2016 19:00,257147.418
12/30/2016 20:00,92703.09701
12/30/2016 21:00,10646.87519
12/30/2016 22:00,13509.80766
12/30/2016 23:00,20264.13167
12/31/2016 0:00,95435.24601
12/31/2016 1:00,228640.2448
12/31/2016 2:00,223390.4401
12/31/2016 3:00,217139.7813
12/31/2016 4:00,213268.8516
12/31/2016 5:00,209492.9557
12/31/2016 6:00,31970.39425
12/31/2016 7:00,8203.709188
12/31/2016 8:00,10307.42261
12/31/2016 9:00,11473.67082
12/31/2016 10:00,42265.68685
12/31/2016 11:00,46904.39779
12/31/2016 12:00,30884.89758
12/31/2016 13:00,11322.03245
12/31/2016 14:00,20612.28909
12/31/2016 15:00,23489.25081
12/31/2016 16:00,8074.31252
12/31/2016 17:00,10239.20508
12/31/2016 18:00,11379.89998
12/31/2016 19:00,11967.11157
12/31/2016 20:00,12311.40584
12/31/2016 21:00,12466.31576
12/31/2016 22:00,12713.42904
12/31/2016 23:00,12990.8466
1/1/2017 0:00,13328.67578
1/1/2017 1:00,13661.34668
1/1/2017 2:00,13957.78418
1/1/2017 3:00,14289.61165
1/1/2017 4:00,14431.24569
1/1/2017 5:00,14676.39152
1/1/2017 6:00,14781.43579
1/1/2017 7:00,14808.61515
1/1/2017 8:00,15044.41829
1/1/2017 9:00,42006.03451
1/1/2017 10:00,79645.34798
1/1/2017 11:00,35395.4024
1/1/2017 12:00,18900.73674
1/1/2017 13:00,22005.01746
1/1/2017 14:00,16355.04264
1/1/2017 15:00,14546.91431
1/1/2017 16:00,14982.95329
1/1/2017 17:00,29314.02991
1/1/2017 18:00,191569.0299
1/1/2017 19:00,205207.2526
1/1/2017 20:00,241106.3962
1/1/2017 21:00,66160.77783
1/1/2017 22:00,7604.229187
1/1/2017 23:00,153708.0655
1/2/2017 0:00,236565.4792
1/2/2017 1:00,231747.5
1/2/2017 2:00,243038.2643
1/2/2017 3:00,273622.7839
1/2/2017 4:00,280990.0208
1/2/2017 5:00,286125.7708
1/2/2017 6:00,50742.77075
1/2/2017 7:00,15242.15824
1/2/2017 8:00,6845.154215
1/2/2017 9:00,9065.719238
1/2/2017 10:00,10647.69767
1/2/2017 11:00,289655.6812
1/2/2017 12:00,262472.5755
1/2/2017 13:00,236605.013
1/2/2017 14:00,197435.7721
1/2/2017 15:00,265448.3503
1/2/2017 16:00,311528.4635
1/2/2017 17:00,317000.9844
1/2/2017 18:00,330557.1823
1/2/2017 19:00,334709.7109
1/2/2017 20:00,321371.4115
1/2/2017 21:00,321220.4896
1/2/2017 22:00,310835.7448
1/2/2017 23:00,307410.6615
1/3/2017 0:00,301714.4818
1/3/2017 1:00,315537.5755
1/3/2017 2:00,307996.5339
1/3/2017 3:00,314769.0208
1/3/2017 4:00,299599.4089
1/3/2017 5:00,295797.1146
1/3/2017 6:00,64485.72196
1/3/2017 7:00,2082.062528
1/3/2017 8:00,4251.56251
1/3/2017 9:00,5884.284139
1/3/2017 10:00,7300.903361
1/3/2017 11:00,355429.1682
1/3/2017 12:00,356119.9844
1/3/2017 13:00,338048.4453
1/3/2017 14:00,318461.0729
1/3/2017 15:00,305866.5469
1/3/2017 16:00,300345.138
1/3/2017 17:00,306175.9948
1/3/2017 18:00,300767.0052
1/3/2017 19:00,273131.5846
1/3/2017 20:00,275835.6563
1/3/2017 21:00,274318.8503
1/3/2017 22:00,266023.1107
1/3/2017 23:00,255656.7435
1/4/2017 0:00,245625.5078
1/4/2017 1:00,184680.7174
1/4/2017 2:00,61319.23551
1/4/2017 3:00,9993.848429
1/4/2017 4:00,13905.12174
1/4/2017 5:00,22309.94092
1/4/2017 6:00,15231.13241
1/4/2017 7:00,14058.61182
1/4/2017 8:00,13935.14518
1/4/2017 9:00,13784.1884
1/4/2017 10:00,13815.74919
1/4/2017 11:00,20625.70418
1/4/2017 12:00,137179.0065
1/4/2017 13:00,349888.5208
1/4/2017 14:00,296305.0143
1/4/2017 15:00,265727.5638
1/4/2017 16:00,264889.293
1/4/2017 17:00,234377.1536
1/4/2017 18:00,205230.625
1/4/2017 19:00,92308.27474
1/4/2017 20:00,20667.21724
1/4/2017 21:00,159472.7577
1/4/2017 22:00,200084.0208
1/4/2017 23:00,190181.849
1/5/2017 0:00,182334.5911
1/5/2017 1:00,170625.9844
1/5/2017 2:00,171212.582
1/5/2017 3:00,174025.2995
1/5/2017 4:00,172677.8073
1/5/2017 5:00,173031.487
1/5/2017 6:00,31875.9176
1/5/2017 7:00,7532.195882
1/5/2017 8:00,9855.115804
1/5/2017 9:00,11258.49487
1/5/2017 10:00,12295.26156
1/5/2017 11:00,278111.3354
1/5/2017 12:00,245138.7487
1/5/2017 13:00,158251.112
1/5/2017 14:00,208878.8099
1/5/2017 15:00,269076.0846
1/5/2017 16:00,292589.8932
1/5/2017 17:00,295588.6615
1/5/2017 18:00,283072.1224
1/5/2017 19:00,267557.3542
1/5/2017 20:00,250543.4596
1/5/2017 21:00,229742.2591
1/5/2017 22:00,207597.4909
1/5/2017 23:00,172823.6585
1/6/2017 0:00,209127.7852
1/6/2017 1:00,195364.1901
1/6/2017 2:00,207684.1836
1/6/2017 3:00,213673.3503
1/6/2017 4:00,231178.681
1/6/2017 5:00,207616.9883
1/6/2017 6:00,56638.39958
1/6/2017 7:00,40558.47841
1/6/2017 8:00,44201.0142
1/6/2017 9:00,18857.93982
1/6/2017 10:00,32101.83268
1/6/2017 11:00,227596.1115
1/6/2017 12:00,195471.2214
1/6/2017 13:00,163623.2155
1/6/2017 14:00,246335.4427
1/6/2017 15:00,249158.9805
1/6/2017 16:00,289887.2057
1/6/2017 17:00,309712.6563
1/6/2017 18:00,289157.0156
1/6/2017 19:00,284091.5365
1/6/2017 20:00,277624.2539
1/6/2017 21:00,254543.6706
1/6/2017 22:00,263689.9323
1/6/2017 23:00,252558.5013
1/7/2017 0:00,254155.8815
1/7/2017 1:00,245867.6354
1/7/2017 2:00,251226.8398
1/7/2017 3:00,255155.099
1/7/2017 4:00,239530.6068
1/7/2017 5:00,193494.6309
1/7/2017 6:00,33092.87167
1/7/2017 7:00,5521.909139
1/7/2017 8:00,8066.065104
1/7/2017 9:00,10134.045
1/7/2017 10:00,11372.62663
1/7/2017 11:00,322873.7971
1/7/2017 12:00,320259.1198
1/7/2017 13:00,287193.1901
1/7/2017 14:00,270351.5703
1/7/2017 15:00,267675.0013
1/7/2017 16:00,252071.7161
1/7/2017 17:00,242359.7018
1/7/2017 18:00,212986.179
1/7/2017 19:00,119021.1836
1/7/2017 20:00,61501.04395
1/7/2017 21:00,28979.67253
1/7/2017 22:00,10365.2408
1/7/2017 23:00,2008.389994
1/8/2017 0:00,6252.382528
1/8/2017 1:00,9202.53418
1/8/2017 2:00,10530.26571
1/8/2017 3:00,11292.95418
1/8/2017 4:00,11502.45671
1/8/2017 5:00,11921.16585
1/8/2017 6:00,13755.39754
1/8/2017 7:00,13735.60002
1/8/2017 8:00,13714.24577
1/8/2017 9:00,13569.99927
1/8/2017 10:00,13482.81836
1/8/2017 11:00,11196.80916
1/8/2017 12:00,12062.28247
1/8/2017 13:00,12457.43254
1/8/2017 14:00,12517.56755
1/8/2017 15:00,13609.14242
1/8/2017 16:00,13450.36507
1/8/2017 17:00,11930.54612
1/8/2017 18:00,12725.36662
1/8/2017 19:00,13097.05998
1/8/2017 20:00,13018.66081
1/8/2017 21:00,12973.96012
1/8/2017 22:00,12570.4008
1/8/2017 23:00,12582.63241
1/9/2017 0:00,12418.15592
1/9/2017 1:00,12559.03678
1/9/2017 2:00,13026.54915
1/9/2017 3:00,12919.81095
1/9/2017 4:00,12664.23006
1/9/2017 5:00,12637.39518
1/9/2017 6:00,13608.95166
1/9/2017 7:00,13670.68099
1/9/2017 8:00,13599.50415
1/9/2017 9:00,13614.55404
1/9/2017 10:00,13554.43921
1/9/2017 11:00,27511.81893
1/9/2017 12:00,259415.3333
1/9/2017 13:00,223920.9557
1/9/2017 14:00,198917.099
1/9/2017 15:00,192938.6263
1/9/2017 16:00,192295.4753
1/9/2017 17:00,48397.3903
1/9/2017 18:00,6791.930059
1/9/2017 19:00,17333.71655
1/9/2017 20:00,23467.72135
1/9/2017 21:00,25355.95768
1/9/2017 22:00,26343.82813
1/9/2017 23:00,26358.90332
1/10/2017 0:00,27032.83854
1/10/2017 1:00,25919.3693
1/10/2017 2:00,240607.7843
1/10/2017 3:00,260270.2878
1/10/2017 4:00,241204.9505
1/10/2017 5:00,118175.0505
1/10/2017 6:00,13576.63924
1/10/2017 7:00,11779.01082
1/10/2017 8:00,12203.20752
1/10/2017 9:00,12609.85579
1/10/2017 10:00,12863.6967
1/10/2017 11:00,7081.819132
1/10/2017 12:00,19852.00163
1/10/2017 13:00,25240.45426
1/10/2017 14:00,26438.99837
1/10/2017 15:00,35565.19084
1/10/2017 16:00,16380.42236
1/10/2017 17:00,21431.70605
1/10/2017 18:00,24854.28695
1/10/2017 19:00,26161.73649
1/10/2017 20:00,26268.95638
1/10/2017 21:00,26069.50098
1/10/2017 22:00,25960.09017
1/10/2017 23:00,25944.99398
1/11/2017 0:00,26034.15592
1/11/2017 1:00,25816.96257
1/11/2017 2:00,23308.99985
1/11/2017 3:00,24432.42074
1/11/2017 4:00,25666.3016
1/11/2017 5:00,26563.3016
1/11/2017 6:00,15378.16821
1/11/2017 7:00,14179.52995
1/11/2017 8:00,14108.63005
1/11/2017 9:00,14051.56592
1/11/2017 10:00,13979.90251
1/11/2017 11:00,338881.9135
1/11/2017 12:00,302611.0599
1/11/2017 13:00,274331.8203
1/11/2017 14:00,211164.0677
1/11/2017 15:00,165596.0137
1/11/2017 16:00,278874.6771
1/11/2017 17:00,313866.6589
1/11/2017 18:00,272698.1029
1/11/2017 19:00,191449.1177
1/11/2017 20:00,56996.66374
1/11/2017 21:00,8616.794902
1/11/2017 22:00,32131.64246
1/11/2017 23:00,177736.5671
1/12/2017 0:00,184118.9453
1/12/2017 1:00,176822.8958
1/12/2017 2:00,185011.1198
1/12/2017 3:00,183382.8685
1/12/2017 4:00,180457.4206
1/12/2017 5:00,179099.3841
1/12/2017 6:00,26462.1488
1/12/2017 7:00,7848.454142
1/12/2017 8:00,9923.01766
1/12/2017 9:00,11245.63338
1/12/2017 10:00,12138.22095
1/12/2017 11:00,248844.2636
1/12/2017 12:00,249134.0586
1/12/2017 13:00,217612.2448
1/12/2017 14:00,195881.7396
1/12/2017 15:00,183173.0234
1/12/2017 16:00,178368.0951
1/12/2017 17:00,173303.2109
1/12/2017 18:00,163578.3854
1/12/2017 19:00,159207.319
1/12/2017 20:00,148610.8086
1/12/2017 21:00,143106.4577
1/12/2017 22:00,114560.1375
1/12/2017 23:00,164906.6784
1/13/2017 0:00,165520.1602
1/13/2017 1:00,164308.069
1/13/2017 2:00,163502.5768
1/13/2017 3:00,165899.5078
1/13/2017 4:00,170470.6875
1/13/2017 5:00,175787.3659
1/13/2017 6:00,33530.65417
1/13/2017 7:00,6289.438354
1/13/2017 8:00,9156.245768
1/13/2017 9:00,10935.40072
1/13/2017 10:00,11998.06836
1/13/2017 11:00,261933.0455
1/13/2017 12:00,234414.4857
1/13/2017 13:00,183481.6458
1/13/2017 14:00,142539.571
1/13/2017 15:00,239928.8984
1/13/2017 16:00,271722.5365
1/13/2017 17:00,284329.1953
1/13/2017 18:00,277414.1615
1/13/2017 19:00,273908.7526
1/13/2017 20:00,142854.1793
1/13/2017 21:00,27256.20846
1/13/2017 22:00,7925.291692
1/13/2017 23:00,19302.24984
1/14/2017 0:00,23840.74495
1/14/2017 1:00,224778.8654
1/14/2017 2:00,229618.5951
1/14/2017 3:00,214456.7839
1/14/2017 4:00,204288.2096
1/14/2017 5:00,198867.8359
1/14/2017 6:00,34240.12917
1/14/2017 7:00,5040.275818
1/14/2017 8:00,7986.66158
1/14/2017 9:00,9908.143311
1/14/2017 10:00,11045.96338
1/14/2017 11:00,304471.0633
1/14/2017 12:00,303570.2682
1/14/2017 13:00,276902.5443
1/14/2017 14:00,262705.8763
1/14/2017 15:00,252387.5508
1/14/2017 16:00,247377.9922
1/14/2017 17:00,234820.8958
1/14/2017 18:00,222866.056
1/14/2017 19:00,215036.0365
1/14/2017 20:00,145859.5905
1/14/2017 21:00,59555.21875
1/14/2017 22:00,26155.6665
1/14/2017 23:00,7451.42922
1/15/2017 0:00,174912.8866
1/15/2017 1:00,266311.0143
1/15/2017 2:00,238051.9753
1/15/2017 3:00,233638.0938
1/15/2017 4:00,224579.0247
1/15/2017 5:00,226378.6589
1/15/2017 6:00,31268.96009
1/15/2017 7:00,2942.622498
1/15/2017 8:00,6178.058268
1/15/2017 9:00,8649.080933
1/15/2017 10:00,10553.41268
1/15/2017 11:00,303794.6051
1/15/2017 12:00,308625.612
1/15/2017 13:00,271925.1146
1/15/2017 14:00,244476.1432
1/15/2017 15:00,231724.0391
1/15/2017 16:00,223444.8294
1/15/2017 17:00,211377.638
1/15/2017 18:00,205175.9518
1/15/2017 19:00,201569.668
1/15/2017 20:00,200115.194
1/15/2017 21:00,184224.6628
1/15/2017 22:00,200174.2201
1/15/2017 23:00,253825.8672
1/16/2017 0:00,145481.0091
1/16/2017 1:00,108545.653
1/16/2017 2:00,105673.0352
1/16/2017 3:00,122282.5397
1/16/2017 4:00,214369.0495
1/16/2017 5:00,225623.3294
1/16/2017 6:00,46422.1934
1/16/2017 7:00,1888.403355
1/16/2017 8:00,4665.965841
1/16/2017 9:00,6573.183309
1/16/2017 10:00,56657.91915
1/16/2017 11:00,246802.5609
1/16/2017 12:00,221995.8216
1/16/2017 13:00,199880.2005
1/16/2017 14:00,188959.2917
1/16/2017 15:00,176766.8919
1/16/2017 16:00,169868.944
1/16/2017 17:00,148891.7689
1/16/2017 18:00,205539.4154
1/16/2017 19:00,259288.7305
1/16/2017 20:00,238694.1022
1/16/2017 21:00,59799.88005
1/16/2017 22:00,7870.773438
1/16/2017 23:00,22689.80737
1/17/2017 0:00,269147.5404
1/17/2017 1:00,219363.4974
1/17/2017 2:00,201087.7474
1/17/2017 3:00,194204.5026
1/17/2017 4:00,186284.737
1/17/2017 5:00,182846.7318
1/17/2017 6:00,34721.15001
1/17/2017 7:00,4927.242513
1/17/2017 8:00,7870.223267
1/17/2017 9:00,9924.855876
1/17/2017 10:00,61568.96659
1/17/2017 11:00,233244.0184
1/17/2017 12:00,217380.3568
1/17/2017 13:00,183340.8086
1/17/2017 14:00,184157.9635
1/17/2017 15:00,268146.7474
1/17/2017 16:00,302119.2214
1/17/2017 17:00,313734.4141
1/17/2017 18:00,327324.6797
1/17/2017 19:00,285209.7578
1/17/2017 20:00,177527.5524
1/17/2017 21:00,44803.8724
1/17/2017 22:00,174525.8574
1/17/2017 23:00,245652.7917
1/18/2017 0:00,236204.4219
1/18/2017 1:00,220961.8372
1/18/2017 2:00,210755.3568
1/18/2017 3:00,215753.1784
1/18/2017 4:00,210230.806
1/18/2017 5:00,207630.7122
1/18/2017 6:00,45672.19336
1/18/2017 7:00,3800.161682
1/18/2017 8:00,6782.327474
1/18/2017 9:00,8720.585002
1/18/2017 10:00,10238.9633
1/18/2017 11:00,241574.8233
1/18/2017 12:00,274543.125
1/18/2017 13:00,253005.4206
1/18/2017 14:00,243178.1849
1/18/2017 15:00,235012.5508
1/18/2017 16:00,238672.7878
1/18/2017 17:00,234780.9023
1/18/2017 18:00,231444.0547
1/18/2017 19:00,224959.7865
1/18/2017 20:00,218924.3216
1/18/2017 21:00,168243.1328
1/18/2017 22:00,176221.819
1/18/2017 23:00,171056.9557
1/19/2017 0:00,158571.2383
1/19/2017 1:00,183352.9076
1/19/2017 2:00,220897.3151
1/19/2017 3:00,193621.9505
1/19/2017 4:00,175343.3359
1/19/2017 5:00,161091.8503
1/19/2017 6:00,31040.91769
1/19/2017 7:00,6304.210815
1/19/2017 8:00,8196.65743
1/19/2017 9:00,9620.403483
1/19/2017 10:00,10602.11662
1/19/2017 11:00,31444.25659
1/19/2017 12:00,254157.4388
1/19/2017 13:00,221412.9193
1/19/2017 14:00,194873.8867
1/19/2017 15:00,159446.2109
1/19/2017 16:00,160084.9915
1/19/2017 17:00,222287.7734
1/19/2017 18:00,186785.4557
1/19/2017 19:00,54537.49235
1/19/2017 20:00,9281.991702
1/19/2017 21:00,14002.07568
1/19/2017 22:00,21767.87093
1/19/2017 23:00,24507.98665
1/20/2017 0:00,25114.73478
1/20/2017 1:00,20485.53653
1/20/2017 2:00,288480.2917
1/20/2017 3:00,206056.7285
1/20/2017 4:00,176099.6624
1/20/2017 5:00,190824.8294
1/20/2017 6:00,34654.92545
1/20/2017 7:00,4876.060832
1/20/2017 8:00,7566.949992
1/20/2017 9:00,9340.259928
1/20/2017 10:00,10640.83667
1/20/2017 11:00,291863.4614
1/20/2017 12:00,287327.3177
1/20/2017 13:00,252923.7357
1/20/2017 14:00,230273.4792
1/20/2017 15:00,211925.2148
1/20/2017 16:00,212422.1966
1/20/2017 17:00,119309.0352
1/20/2017 18:00,27560.99748
1/20/2017 19:00,6805.559985
1/20/2017 20:00,18621.39844
1/20/2017 21:00,23444.44401
1/20/2017 22:00,25205.24658
1/20/2017 23:00,101501.6846
1/21/2017 0:00,255088.4375
1/21/2017 1:00,242075.5078
1/21/2017 2:00,212453.9609
1/21/2017 3:00,184802.207
1/21/2017 4:00,184068.8346
1/21/2017 5:00,154433.9004
1/21/2017 6:00,27002.42534
1/21/2017 7:00,6101.664998
1/21/2017 8:00,8432.070109
1/21/2017 9:00,10014.56413
1/21/2017 10:00,11117.70402
1/21/2017 11:00,302493.939
1/21/2017 12:00,279726.6094
1/21/2017 13:00,241960
1/21/2017 14:00,222361.0924
1/21/2017 15:00,209090.556
1/21/2017 16:00,186523.1081
1/21/2017 17:00,121948.4648
1/21/2017 18:00,45430.6119
1/21/2017 19:00,5368.75427
1/21/2017 20:00,16785.37354
1/21/2017 21:00,23061.05615
1/21/2017 22:00,25760.9318
1/21/2017 23:00,108219.0337
1/22/2017 0:00,263608.2331
1/22/2017 1:00,228903.6016
1/22/2017 2:00,199768.3802
1/22/2017 3:00,200067.918
1/22/2017 4:00,195668.5378
1/22/2017 5:00,180015.6185
1/22/2017 6:00,31284.65452
1/22/2017 7:00,4235.484985
1/22/2017 8:00,6583.555908
1/22/2017 9:00,8447.919963
1/22/2017 10:00,10110.27751
1/22/2017 11:00,307047.0853
1/22/2017 12:00,277121.2643
1/22/2017 13:00,241146.8451
1/22/2017 14:00,209819.0169
1/22/2017 15:00,197842.2057
1/22/2017 16:00,183157.7943
1/22/2017 17:00,115436.3984
1/22/2017 18:00,64724.43945
1/22/2017 19:00,38716.94059
1/22/2017 20:00,22391.49805
1/22/2017 21:00,9415.643392
1/22/2017 22:00,1687.675863
1/22/2017 23:00,296704.4156
1/23/2017 0:00,213768.7148
1/23/2017 1:00,181336.6589
1/23/2017 2:00,180749.3177
1/23/2017 3:00,177183.6771
1/23/2017 4:00,161223.875
1/23/2017 5:00,192123.9219
1/23/2017 6:00,30480.15562
1/23/2017 7:00,3245.317474
1/23/2017 8:00,6117.84668
1/23/2017 9:00,8384.690837
1/23/2017 10:00,10218.78418
1/23/2017 11:00,268375.5263
1/23/2017 12:00,264325.2799
1/23/2017 13:00,252548.8685
1/23/2017 14:00,236513.6445
1/23/2017 15:00,233943.2982
1/23/2017 16:00,227169.5456
1/23/2017 17:00,204057.8594
1/23/2017 18:00,122163.3529
1/23/2017 19:00,117727.0853
1/23/2017 20:00,99507.36035
1/23/2017 21:00,111510.3079
1/23/2017 22:00,98807.23796
1/23/2017 23:00,80158.08105
1/24/2017 0:00,110488.4053
1/24/2017 1:00,118955.429
1/24/2017 2:00,150491.5166
1/24/2017 3:00,113512.7174
1/24/2017 4:00,117001.278
1/24/2017 5:00,110982.7598
1/24/2017 6:00,59737.31244
1/24/2017 7:00,1405.765851
1/24/2017 8:00,3029.171672
1/24/2017 9:00,6014.339071
1/24/2017 10:00,8017.725016
1/24/2017 11:00,255086.0931
1/24/2017 12:00,190974.3503
1/24/2017 13:00,165714.1745
1/24/2017 14:00,147287.5859
1/24/2017 15:00,144754.8203
1/24/2017 16:00,148281.5924
1/24/2017 17:00,149404.3483
1/24/2017 18:00,148287.0505
1/24/2017 19:00,64341.47266
1/24/2017 20:00,36206.51563
1/24/2017 21:00,6154.950012
1/24/2017 22:00,14896.98088
1/24/2017 23:00,20133.52995
1/25/2017 0:00,22812.15023
1/25/2017 1:00,178673.8021
1/25/2017 2:00,128003.1045
1/25/2017 3:00,125036.4404
1/25/2017 4:00,124460.7428
1/25/2017 5:00,149412.6585
1/25/2017 6:00,62481.3044
1/25/2017 7:00,7448.597534
1/25/2017 8:00,1604.420827
1/25/2017 9:00,1603.447503
1/25/2017 10:00,5675.857544
1/25/2017 11:00,286016.4635
1/25/2017 12:00,230918.9089
1/25/2017 13:00,210375.4193
1/25/2017 14:00,206063.8151
1/25/2017 15:00,198024.2331
1/25/2017 16:00,199940.5169
1/25/2017 17:00,174720.4349
1/25/2017 18:00,168954.8047
1/25/2017 19:00,153237.0436
1/25/2017 20:00,100313.7666
1/25/2017 21:00,43000.57715
1/25/2017 22:00,9160.220088
1/25/2017 23:00,17174.05265
1/26/2017 0:00,250872.4271
1/26/2017 1:00,162292.6406
1/26/2017 2:00,163200.4271
1/26/2017 3:00,165616.2292
1/26/2017 4:00,170769.4635
1/26/2017 5:00,155040.5339
1/26/2017 6:00,32250.6739
1/26/2017 7:00,4255.738322
1/26/2017 8:00,6743.350789
1/26/2017 9:00,8626.382487
1/26/2017 10:00,10196.39827
1/26/2017 11:00,320275.5968
1/26/2017 12:00,270613.6536
1/26/2017 13:00,254737.1263
1/26/2017 14:00,252335.9961
1/26/2017 15:00,270560.6628
1/26/2017 16:00,263394.9141
1/26/2017 17:00,270134.0755
1/26/2017 18:00,256198.582
1/26/2017 19:00,202325.8516
1/26/2017 20:00,169576.8424
1/26/2017 21:00,98205.24609
1/26/2017 22:00,39978.89762
1/26/2017 23:00,5839.738351
1/27/2017 0:00,8027.29069
1/27/2017 1:00,259300.3773
1/27/2017 2:00,191586.0143
1/27/2017 3:00,215023.3906
1/27/2017 4:00,201069.4987
1/27/2017 5:00,220467.8763
1/27/2017 6:00,57260.29818
1/27/2017 7:00,3523.130803
1/27/2017 8:00,964.8916537
1/27/2017 9:00,3424.642527
1/27/2017 10:00,6167.649943
1/27/2017 11:00,342093.8912
1/27/2017 12:00,313138.4609
1/27/2017 13:00,296325.7865
1/27/2017 14:00,300649.2891
1/27/2017 15:00,310325.3698
1/27/2017 16:00,296446.0495
1/27/2017 17:00,287923.3698
1/27/2017 18:00,216709.4753
1/27/2017 19:00,168897.9316
1/27/2017 20:00,92808.04557
1/27/2017 21:00,29306.93237
1/27/2017 22:00,3993.569951
1/27/2017 23:00,10137.65015
1/28/2017 0:00,13663.6167
1/28/2017 1:00,186579.1501
1/28/2017 2:00,226730.6914
1/28/2017 3:00,189276.194
1/28/2017 4:00,179558.9115
1/28/2017 5:00,211439.3802
1/28/2017 6:00,90657.65234
1/28/2017 7:00,5859.16158
1/28/2017 8:00,1648.717484
1/28/2017 9:00,1908.910849
1/28/2017 10:00,5430.277507
1/28/2017 11:00,394350.4551
1/28/2017 12:00,342500.4714
1/28/2017 13:00,323899.6432
1/28/2017 14:00,334248.8542
1/28/2017 15:00,330307.9141
1/28/2017 16:00,333815.1198
1/28/2017 17:00,308292.3073
1/28/2017 18:00,270776.5729
1/28/2017 19:00,196314.6953
1/28/2017 20:00,116276.597
1/28/2017 21:00,76183.66081
1/28/2017 22:00,31030.06413
1/28/2017 23:00,10618.59395
1/29/2017 0:00,2890.567518
1/29/2017 1:00,111876.6188
1/29/2017 2:00,261167.082
1/29/2017 3:00,195700.2331
1/29/2017 4:00,191794.1549
1/29/2017 5:00,200564.1888
1/29/2017 6:00,77531.68172
1/29/2017 7:00,4766.952525
1/29/2017 8:00,1697.798329
1/29/2017 9:00,1535.331665
1/29/2017 10:00,5321.094177
1/29/2017 11:00,389139.888
1/29/2017 12:00,351065.4115
1/29/2017 13:00,335417.6589
1/29/2017 14:00,334670.362
1/29/2017 15:00,338062.6354
1/29/2017 16:00,340622.5495
1/29/2017 17:00,300505.0286
1/29/2017 18:00,256138.1615
1/29/2017 19:00,173008.7415
1/29/2017 20:00,135713.7077
1/29/2017 21:00,101827.2422
1/29/2017 22:00,60459.16927
1/29/2017 23:00,33565.1556
1/30/2017 0:00,17285.2242
1/30/2017 1:00,8256.089152
1/30/2017 2:00,230909.0846
1/30/2017 3:00,237812.9518
1/30/2017 4:00,220454.5951
1/30/2017 5:00,228751.1315
1/30/2017 6:00,54795.95656
1/30/2017 7:00,3016.545837
1/30/2017 8:00,1398.565001
1/30/2017 9:00,3522.282552
1/30/2017 10:00,6142.565837
1/30/2017 11:00,350118.9474
1/30/2017 12:00,338895.0391
1/30/2017 13:00,323187.4271
1/30/2017 14:00,311293.7682
1/30/2017 15:00,356814.3516
1/30/2017 16:00,349857.0625
1/30/2017 17:00,341311.2005
1/30/2017 18:00,262510.5378
1/30/2017 19:00,215858.7979
1/30/2017 20:00,93114.54818
1/30/2017 21:00,30258.1368
1/30/2017 22:00,4292.597527
1/30/2017 23:00,9893.634155
1/31/2017 0:00,13838.45988
1/31/2017 1:00,15455.02498
1/31/2017 2:00,238979.6427
1/31/2017 3:00,233285.9857
1/31/2017 4:00,197741.431
1/31/2017 5:00,237649.1901
1/31/2017 6:00,114086.6436
1/31/2017 7:00,3521.475835
1/31/2017 8:00,590.185825
1/31/2017 9:00,3519.829193
1/31/2017 10:00,7009.188354
1/31/2017 11:00,354597.2109
1/31/2017 12:00,337732.9063
1/31/2017 13:00,331252.4212
1/31/2017 14:00,313260.1979
1/31/2017 15:00,331810.6224
1/31/2017 16:00,323547.3099
1/31/2017 17:00,304987.4922
1/31/2017 18:00,256423.9206
1/31/2017 19:00,208825.1732
1/31/2017 20:00,160640.7555
1/31/2017 21:00,93361.26432
1/31/2017 22:00,35462.48934
1/31/2017 23:00,5098.410016
2/1/2017 0:00,7948.526733
2/1/2017 1:00,39964.48674
2/1/2017 2:00,238306.8451
2/1/2017 3:00,203807.7813
2/1/2017 4:00,196579.8424
2/1/2017 5:00,193071.0247
2/1/2017 6:00,23737.90687
2/1/2017 7:00,2626.845825
2/1/2017 8:00,5568.52832
2/1/2017 9:00,7748.398356
2/1/2017 10:00,9263.717529
2/1/2017 11:00,290777.7132
2/1/2017 12:00,241980.5807
2/1/2017 13:00,211725.3021
2/1/2017 14:00,256591.0221
2/1/2017 15:00,287174.4635
2/1/2017 16:00,271529.0117
2/1/2017 17:00,257059.5326
2/1/2017 18:00,209589.2891
2/1/2017 19:00,258553.4792
2/1/2017 20:00,183974.3229
2/1/2017 21:00,186282.0234
2/1/2017 22:00,121550.3538
2/1/2017 23:00,99580.84798
2/2/2017 0:00,79284.58691
2/2/2017 1:00,223571.8529
2/2/2017 2:00,188501.3724
2/2/2017 3:00,159021.0352
2/2/2017 4:00,170392.9349
2/2/2017 5:00,187832.5313
2/2/2017 6:00,51593.61229
2/2/2017 7:00,1577.154161
2/2/2017 8:00,4651.742472
2/2/2017 9:00,6736.793335
2/2/2017 10:00,8555.02238
2/2/2017 11:00,314620.1134
2/2/2017 12:00,249231.7057
2/2/2017 13:00,216641.4648
2/2/2017 14:00,187684.444
2/2/2017 15:00,179120.6771
2/2/2017 16:00,177350.9167
2/2/2017 17:00,129900.4523
2/2/2017 18:00,71808.41016
2/2/2017 19:00,22597.68514
2/2/2017 20:00,4020.21412
2/2/2017 21:00,10660.81653
2/2/2017 22:00,14282.51245
2/2/2017 23:00,16577.99007
2/3/2017 0:00,17203.61263
2/3/2017 1:00,17178.3584
2/3/2017 2:00,17715.75586
2/3/2017 3:00,18311.31494
2/3/2017 4:00,18422.29753
2/3/2017 5:00,18369.30924
2/3/2017 6:00,14698.13159
2/3/2017 7:00,14018.6075
2/3/2017 8:00,13986.37004
2/3/2017 9:00,14020.28931
2/3/2017 10:00,13931.77083
2/3/2017 11:00,13122.55509
2/3/2017 12:00,16304.98088
2/3/2017 13:00,17805.77946
2/3/2017 14:00,18268.79753
2/3/2017 15:00,18488.85938
2/3/2017 16:00,18959.81152
2/3/2017 17:00,19418.15446
2/3/2017 18:00,19501.47168
2/3/2017 19:00,19202.69173
2/3/2017 20:00,18274.70768
2/3/2017 21:00,18250.9318
2/3/2017 22:00,17574.03337
2/3/2017 23:00,17494.13835
2/4/2017 0:00,16954.7723
2/4/2017 1:00,17165.05664
2/4/2017 2:00,16758.71606
2/4/2017 3:00,17820.9047
2/4/2017 4:00,21041.54911
2/4/2017 5:00,14918.42399
2/4/2017 6:00,15350.88169
2/4/2017 7:00,13942.46077
2/4/2017 8:00,13845.79004
2/4/2017 9:00,13878.88924
2/4/2017 10:00,13908.71167
2/4/2017 11:00,113714.793
2/4/2017 12:00,296656.3711
2/4/2017 13:00,237180.6654
2/4/2017 14:00,223721.3984
2/4/2017 15:00,214181.6875
2/4/2017 16:00,174823.181
2/4/2017 17:00,132890.8385
2/4/2017 18:00,97601.22266
2/4/2017 19:00,50992.86686
2/4/2017 20:00,22040.04069
2/4/2017 21:00,8602.810832
2/4/2017 22:00,1682.299166
2/4/2017 23:00,2922.170817
2/5/2017 0:00,11361.01855
2/5/2017 1:00,321630.7813
2/5/2017 2:00,204326.8464
2/5/2017 3:00,168691.181
2/5/2017 4:00,165267.0326
2/5/2017 5:00,165751.0156
2/5/2017 6:00,22213.91978
2/5/2017 7:00,2092.008336
2/5/2017 8:00,4164.095846
2/5/2017 9:00,6608.816691
2/5/2017 10:00,8081.27002
2/5/2017 11:00,337303.2579
2/5/2017 12:00,239230.7839
2/5/2017 13:00,227012.0638
2/5/2017 14:00,206189.7292
2/5/2017 15:00,201655.6159
2/5/2017 16:00,187903.819
2/5/2017 17:00,159337.4375
2/5/2017 18:00,135536.0254
2/5/2017 19:00,108830.416
2/5/2017 20:00,73111.19303
2/5/2017 21:00,42093.74772
2/5/2017 22:00,21686.20508
2/5/2017 23:00,10560.40417
2/6/2017 0:00,60771.83695
2/6/2017 1:00,256013.4388
2/6/2017 2:00,211712.8893
2/6/2017 3:00,165583.7409
2/6/2017 4:00,129943.1068
2/6/2017 5:00,112439.3418
2/6/2017 6:00,16082.42802
2/6/2017 7:00,9698.951579
2/6/2017 8:00,10907.36426
2/6/2017 9:00,11201.30428
2/6/2017 10:00,11692.60506
2/6/2017 11:00,8697.450734
2/6/2017 12:00,15101.66516
2/6/2017 13:00,266531.5026
2/6/2017 14:00,130908.9531
2/6/2017 15:00,217632.0866
2/6/2017 16:00,230009.4388
2/6/2017 17:00,244537.5651
2/6/2017 18:00,165013.3859
2/6/2017 19:00,72954.7041
2/6/2017 20:00,18679.65503
2/6/2017 21:00,2436.925011
2/6/2017 22:00,5365.890869
2/6/2017 23:00,7644.494995
2/7/2017 0:00,8574.413411
2/7/2017 1:00,8832.889974
2/7/2017 2:00,16567.71973
2/7/2017 3:00,119769.9928
2/7/2017 4:00,348751.9974
2/7/2017 5:00,314515.4609
2/7/2017 6:00,53123.4982
2/7/2017 7:00,1605.020846
2/7/2017 8:00,4830.453349
2/7/2017 9:00,6923.875854
2/7/2017 10:00,8708.055013
2/7/2017 11:00,33469.08065
2/7/2017 12:00,5650.724139
2/7/2017 13:00,6237.215047
2/7/2017 14:00,10869.28499
2/7/2017 15:00,12286.53662
2/7/2017 16:00,12050.88403
2/7/2017 17:00,10484.75163
2/7/2017 18:00,10480.99585
2/7/2017 19:00,293574.3416
2/7/2017 20:00,269034.7982
2/7/2017 21:00,246664.9063
2/7/2017 22:00,251692.0078
2/7/2017 23:00,256910.5117
2/8/2017 0:00,249712.6237
2/8/2017 1:00,261807.7747
2/8/2017 2:00,263105.582
2/8/2017 3:00,262702.3672
2/8/2017 4:00,261766.5612
2/8/2017 5:00,262295.4544
2/8/2017 6:00,68501.72689
2/8/2017 7:00,32104.64909
2/8/2017 8:00,30122.92367
2/8/2017 9:00,30092.5651
2/8/2017 10:00,29897.87321
2/8/2017 11:00,254501.7575
2/8/2017 12:00,262992.7318
2/8/2017 13:00,246094.8854
2/8/2017 14:00,243358.0234
2/8/2017 15:00,230961.6901
2/8/2017 16:00,227395.1367
2/8/2017 17:00,107391.9235
2/8/2017 18:00,66763.27507
2/8/2017 19:00,65316.47917
2/8/2017 20:00,72756.84277
2/8/2017 21:00,93640.15918
2/8/2017 22:00,141012.276
2/8/2017 23:00,63323.13184
2/9/2017 0:00,61131.72363
2/9/2017 1:00,61877.28678
2/9/2017 2:00,59580.73242
2/9/2017 3:00,73667.28613
2/9/2017 4:00,121420.6989
2/9/2017 5:00,81158.89486
2/9/2017 6:00,28990.59359
2/9/2017 7:00,10953.63175
2/9/2017 8:00,10492.11751
2/9/2017 9:00,10402.11418
2/9/2017 10:00,10960.98657
2/9/2017 11:00,53542.36294
2/9/2017 12:00,158294.0677
2/9/2017 13:00,108171.7692
2/9/2017 14:00,123598.0267
2/9/2017 15:00,136947.7142
2/9/2017 16:00,152397.3411
2/9/2017 17:00,159017.2813
2/9/2017 18:00,128991.6855
2/9/2017 19:00,132989.6637
2/9/2017 20:00,144102.668
2/9/2017 21:00,149443.125
2/9/2017 22:00,165512.3516
2/9/2017 23:00,141743.5872
2/10/2017 0:00,103845.0221
2/10/2017 1:00,128703.0156
2/10/2017 2:00,136687.7988
2/10/2017 3:00,128761.2917
2/10/2017 4:00,152667.9714
2/10/2017 5:00,133925.819
2/10/2017 6:00,43197.57724
2/10/2017 7:00,0
2/10/2017 8:00,0
2/10/2017 9:00,0
2/10/2017 10:00,0
2/10/2017 11:00,0
2/10/2017 12:00,0
2/10/2017 13:00,0
2/10/2017 14:00,20206.13932
2/10/2017 15:00,32387.29757
2/10/2017 16:00,31095.13802
2/10/2017 17:00,58245.63574
2/10/2017 18:00,44783.29297
2/10/2017 19:00,85480.05859
2/10/2017 20:00,56590.93009
2/10/2017 21:00,175372.7461
2/10/2017 22:00,158673.1471
2/10/2017 23:00,152026.8268
2/11/2017 0:00,156787.7487
2/11/2017 1:00,162823.5768
2/11/2017 2:00,177381.9922
2/11/2017 3:00,184833.4635
2/11/2017 4:00,189845.5508
2/11/2017 5:00,218249.4609
2/11/2017 6:00,57247.69108
2/11/2017 7:00,32906.36165
2/11/2017 8:00,28880.93685
2/11/2017 9:00,28009.31331
2/11/2017 10:00,23761.12256
2/11/2017 11:00,191789.7852
2/11/2017 12:00,226458.3099
2/11/2017 13:00,235521.7214
2/11/2017 14:00,207226.6354
2/11/2017 15:00,207238.8672
2/11/2017 16:00,208808.7487
2/11/2017 17:00,243297.0182
2/11/2017 18:00,252626.276
2/11/2017 19:00,224556.5807
2/11/2017 20:00,164820.3398
2/11/2017 21:00,161689.4089
2/11/2017 22:00,143050.1563
2/11/2017 23:00,127086.7109
2/12/2017 0:00,121846.8066
2/12/2017 1:00,133064.11
2/12/2017 2:00,154839.1406
2/12/2017 3:00,107085.7676
2/12/2017 4:00,127173.7365
2/12/2017 5:00,0
2/12/2017 6:00,0
2/12/2017 7:00,0
2/12/2017 8:00,0
2/12/2017 9:00,0
2/12/2017 10:00,0
2/12/2017 11:00,0
2/12/2017 12:00,0
2/12/2017 13:00,0
2/12/2017 14:00,0
2/12/2017 15:00,0
2/12/2017 16:00,0
2/12/2017 17:00,0
2/12/2017 18:00,0
2/12/2017 19:00,223882.0059
2/12/2017 20:00,208942.2044
2/12/2017 21:00,146580.1797
2/12/2017 22:00,123442.9622
2/12/2017 23:00,130288.9264
2/13/2017 0:00,130351.752
2/13/2017 1:00,159484.4466
2/13/2017 2:00,173265.7266
2/13/2017 3:00,175183.8841
2/13/2017 4:00,225066.2904
2/13/2017 5:00,112004.5724
2/13/2017 6:00,11721.44595
2/13/2017 7:00,12814.14006
2/13/2017 8:00,9550.492554
2/13/2017 9:00,9723.053223
2/13/2017 10:00,8872.045898
2/13/2017 11:00,127164.5026
2/13/2017 12:00,125225.7142
2/13/2017 13:00,99739.4056
2/13/2017 14:00,105337.4782
2/13/2017 15:00,0
2/13/2017 16:00,214696.2038
2/13/2017 17:00,377027.5755
2/13/2017 18:00,386970.6667
2/13/2017 19:00,334812.6693
2/13/2017 20:00,272193.707
2/13/2017 21:00,212209.4453
2/13/2017 22:00,158690.6823
2/13/2017 23:00,158442.3555
2/14/2017 0:00,147572.0638
2/14/2017 1:00,213523.9167
2/14/2017 2:00,241382.4323
2/14/2017 3:00,260425.2214
2/14/2017 4:00,270055.6289
2/14/2017 5:00,272137.8008
2/14/2017 6:00,85465.77279
2/14/2017 7:00,48665.45898
2/14/2017 8:00,44972.35742
2/14/2017 9:00,43807.13118
2/14/2017 10:00,45967.67611
2/14/2017 11:00,303363.7337
2/14/2017 12:00,356700.0469
2/14/2017 13:00,364002.7839
2/14/2017 14:00,359376.3203
2/14/2017 15:00,365299.7083
2/14/2017 16:00,368488.1276
2/14/2017 17:00,334578.7643
2/14/2017 18:00,283741.8984
2/14/2017 19:00,245340.6185
2/14/2017 20:00,182341.3164
2/14/2017 21:00,154457.3789
2/14/2017 22:00,135956.0007
2/14/2017 23:00,146059.0908
2/15/2017 0:00,123953.0433
2/15/2017 1:00,135406.8301
2/15/2017 2:00,138414.8369
2/15/2017 3:00,132190.6211
2/15/2017 4:00,144755.9154
2/15/2017 5:00,183798.2389
2/15/2017 6:00,56410.95296
2/15/2017 7:00,37547.49642
2/15/2017 8:00,28493.32503
2/15/2017 9:00,26766.72249
2/15/2017 10:00,35078.76774
2/15/2017 11:00,207329.8042
2/15/2017 12:00,262633.487
2/15/2017 13:00,176254.0726
2/15/2017 14:00,27721.67513
2/15/2017 15:00,87477.04167
2/15/2017 16:00,0
2/15/2017 17:00,0
2/15/2017 18:00,0
2/15/2017 19:00,0
2/15/2017 20:00,0
2/15/2017 21:00,10360.50228
2/15/2017 22:00,123974.1361
2/15/2017 23:00,185964.8294
2/16/2017 0:00,146083.0684
2/16/2017 1:00,129938.2702
2/16/2017 2:00,143371.8021
2/16/2017 3:00,150641.8027
2/16/2017 4:00,157425.2617
2/16/2017 5:00,155691.0521
2/16/2017 6:00,62103.14193
2/16/2017 7:00,31859.22933
2/16/2017 8:00,32899.41667
2/16/2017 9:00,32279.76823
2/16/2017 10:00,32704.77702
2/16/2017 11:00,145042.1501
2/16/2017 12:00,176877.4036
2/16/2017 13:00,173339.3711
2/16/2017 14:00,
2/16/2017 15:00,
2/16/2017 16:00,
2/16/2017 17:00,
2/16/2017 18:00,
2/16/2017 19:00,
2/16/2017 20:00,
